themeID,themeName,themeDescription,themeSource,themeBaseDate,isActive,isMain,insertTime,updateTime
1,"4G",,1,"2016-02-04",1,1,"2014-12-10 18:08:34","2016-05-03 09:15:04"
20,"丙酮",,1,"2016-04-03",1,1,"2014-12-10 18:08:34","2016-05-03 09:15:04"
23,"彩票",,1,"2016-03-18",1,1,"2014-12-10 18:08:34","2016-05-03 09:15:04"
27,"传感器",,1,"2016-03-27",1,1,"2014-12-10 18:08:34","2016-05-03 09:15:04"
38,"风电",,1,"2015-01-13",1,1,"2014-12-10 18:08:34","2016-05-03 09:15:04"
40,"复合肥","来自申万行业分类",5,"2011-05-28",1,1,"2014-12-10 18:08:34","2016-05-03 09:15:04"
43,"白酒","来自申万行业分类",5,"2011-05-28",1,1,"2014-12-10 18:08:34","2016-05-03 09:15:04"
44,"特钢","来自申万行业分类",5,"2011-05-28",1,1,"2014-12-10 18:08:34","2016-05-03 09:15:04"
46,"银行","来自申万行业分类",5,"2011-05-28",1,1,"2014-12-10 18:08:34","2016-05-03 09:15:04"
50,"饮料",,1,"2016-03-17",1,1,"2014-12-10 18:08:34","2016-05-03 09:15:04"
51,"海参",,1,"2016-04-01",1,1,"2014-12-10 18:08:34","2016-05-03 09:15:04"
53,"航母",,1,"2016-03-30",1,1,"2014-12-10 18:08:34","2016-05-03 09:15:04"
57,"核电",,1,"2016-03-29",1,1,"2014-12-10 18:08:34","2016-05-03 09:15:04"
66,"黄金","来自申万行业分类",5,"2011-05-28",1,1,"2014-12-10 18:08:34","2016-05-03 09:15:04"
69,"集装箱",,1,"2016-03-18",1,1,"2014-12-10 18:08:34","2016-05-03 09:15:04"
72,"甲醇",,1,"2016-02-25",1,1,"2014-12-10 18:08:34","2016-05-03 09:15:04"
78,"客车",,1,"2016-03-31",1,1,"2014-12-10 18:08:34","2016-05-03 09:15:04"
79,"空调","来自申万行业分类",5,"2011-05-28",1,1,"2014-12-10 18:08:34","2016-05-03 09:15:04"
86,"林业","来自申万行业分类",5,"2011-05-28",1,1,"2014-12-10 18:08:34","2016-05-03 09:15:04"
90,"葡萄酒","来自申万行业分类",5,"2011-05-28",1,1,"2014-12-10 18:08:34","2016-05-03 09:15:04"
92,"汽配",,1,"2016-02-08",1,1,"2014-12-10 18:08:34","2016-05-03 09:15:04"
93,"轻卡",,1,"2016-03-17",1,1,"2014-12-10 18:08:34","2016-05-03 09:15:04"
98,"水电","来自申万行业分类",5,"2011-05-28",1,1,"2014-12-10 18:08:34","2016-05-03 09:15:04"
99,"饲料","来自申万行业分类",5,"2011-05-28",1,1,"2014-12-10 18:08:34","2016-05-03 09:15:04"
110,"天然气",,1,"2016-03-21",1,1,"2014-12-10 18:08:34","2016-05-03 09:15:04"
113,"维生素",,1,"2016-03-21",1,1,"2014-12-10 18:08:34","2016-05-03 09:15:04"
116,"物流","来自申万行业分类",5,"2011-05-28",1,1,"2014-12-10 18:08:34","2016-05-03 09:15:04"
119,"硝酸",,1,"2016-02-23",1,1,"2014-12-10 18:08:34","2016-05-03 09:15:04"
121,"信托","来自申万行业分类",5,"2014-08-31",1,1,"2014-12-10 18:08:34","2016-05-03 09:15:04"
130,"萤石",,1,"2016-02-20",1,1,"2014-12-10 18:08:34","2016-05-03 09:15:04"
133,"航天军工",,1,"2016-02-17",1,1,"2014-12-10 18:08:34","2016-05-03 09:15:04"
143,"种业",,1,"2016-02-27",1,1,"2014-12-10 18:08:34","2016-05-03 09:15:04"
149,"干细胞",,1,"2016-03-29",1,1,"2014-12-10 18:08:34","2016-05-03 09:15:04"
150,"太赫兹",,1,"2016-03-30",1,1,"2014-12-10 18:08:34","2016-05-03 09:15:04"
151,"蓝宝石",,1,"2016-04-03",1,1,"2014-12-10 18:08:34","2016-05-03 09:15:04"
154,"社保",,1,"2015-01-18",1,1,"2014-12-10 18:08:34","2016-05-03 09:15:04"
158,"微信",,1,"2016-03-29",1,1,"2014-12-10 18:08:34","2016-05-03 09:15:04"
160,"光伏",,1,"2016-04-03",1,1,"2014-12-10 18:08:34","2016-05-03 09:15:04"
161,"水泥建材",,1,"2016-04-01",1,1,"2014-12-10 18:08:34","2016-05-03 09:15:04"
164,"保险","来自申万行业分类",5,"2011-05-28",1,1,"2014-12-10 18:08:34","2016-05-03 09:15:04"
165,"无人机",,1,"2016-03-22",1,1,"2014-12-10 18:08:34","2016-05-03 09:15:04"
168,"养老",,1,"2016-03-18",1,1,"2014-12-10 18:08:34","2016-05-03 09:15:04"
170,"成品油",,1,"2016-04-03",1,1,"2014-12-10 18:08:34","2016-05-03 09:15:04"
172,"旅游",,1,"2016-03-19",1,1,"2014-12-10 18:08:34","2016-05-03 09:15:04"
176,"移动互联网",,1,"2016-03-22",1,1,"2014-12-10 18:08:34","2016-05-03 09:15:04"
177,"处理器",,1,"2016-03-27",1,1,"2014-12-10 18:08:34","2016-05-03 09:15:04"
179,"油气",,1,"2016-02-13",1,1,"2014-12-10 18:08:34","2016-05-03 09:15:04"
182,"工业自动化",,1,"2016-03-21",1,1,"2014-12-10 18:08:34","2016-05-03 09:15:04"
185,"视频网站",,1,"2016-03-30",1,1,"2014-12-10 18:08:34","2016-05-03 09:15:04"
190,"宽带",,1,"2016-03-09",1,1,"2014-12-10 18:08:34","2016-05-03 09:15:04"
197,"航运","来自申万行业分类",5,"2011-05-28",1,1,"2014-12-10 18:08:34","2016-05-03 09:15:04"
203,"小米",,1,"2016-02-06",1,1,"2014-12-10 18:08:34","2016-05-03 09:15:04"
204,"人工智能",,1,"2016-03-05",1,1,"2014-12-10 18:08:34","2016-05-03 09:15:04"
210,"电改","新电改方案主要围绕“四放开一独立”来进行布局，即输配以外的经营性电价放开、增量配电业务放开、售电业务放开、公益性和调节性以外的发供电计划放开和交易平台相对独立",1,"2016-03-30",1,1,"2014-12-10 18:08:34","2016-05-03 09:15:04"
216,"金融租赁",,1,"2015-01-13",1,1,"2014-12-10 18:08:34","2016-05-03 09:15:04"
218,"兽药",,1,"2016-03-25",1,1,"2014-12-10 18:08:34","2016-05-03 09:15:04"
225,"跨境电商",,1,"2016-04-01",1,1,"2014-12-10 18:08:34","2016-05-03 09:15:04"
229,"VOCs",,1,"2016-02-13",1,1,"2014-12-10 18:08:34","2016-05-03 09:15:04"
232,"太空探测",,1,"2016-03-15",1,1,"2014-12-10 18:08:34","2016-05-03 09:15:04"
236,"东北国企",,1,"2016-03-30",1,1,"2014-12-10 18:08:34","2016-05-03 09:15:05"
238,"一带一路",,1,"2016-03-30",1,1,"2014-12-10 18:08:34","2016-05-03 09:15:05"
239,"PPP",,1,"2016-03-10",1,1,"2014-12-10 18:08:34","2016-05-03 09:15:05"
241,"高新区",,1,"2016-03-17",1,1,"2014-12-10 18:08:34","2016-05-03 09:15:05"
242,"高速公路","来自申万行业分类",5,"2011-05-28",1,1,"2014-12-10 18:08:34","2016-05-03 09:15:05"
246,"新媒体",,1,"2015-05-20",1,1,"2014-12-10 18:08:34","2016-05-03 09:15:05"
250,"游艇",,1,"2016-02-27",1,1,"2014-12-10 18:08:34","2016-05-03 09:15:05"
271,"工业4.0",,1,"2016-04-01",1,1,"2014-12-10 18:08:34","2016-05-03 09:15:05"
273,"玻璃",,1,"2016-03-27",1,1,"2014-12-10 18:08:34","2016-05-03 09:15:05"
280,"发动机",,1,"2016-04-01",1,1,"2014-12-10 18:08:34","2016-05-03 09:15:05"
283,"基础设施建设",,1,"2016-03-29",1,1,"2014-12-10 18:08:34","2016-05-03 09:15:05"
285,"机床",,1,"2016-03-10",1,1,"2014-12-10 18:08:34","2016-05-03 09:15:05"
288,"铝","来自申万行业分类",5,"2011-05-28",1,1,"2014-12-10 18:08:34","2016-05-03 09:15:05"
296,"橡胶","来自申万行业分类",5,"2011-05-28",1,1,"2014-12-10 18:08:34","2016-05-03 09:15:05"
297,"新型建材",,1,"2016-02-27",1,1,"2014-12-10 18:08:34","2016-05-03 09:15:05"
299,"轴承",,1,"2016-02-27",1,1,"2014-12-10 18:08:34","2016-05-03 09:15:05"
300,"珠宝",,1,"2016-02-17",1,1,"2014-12-10 18:08:34","2016-05-03 09:15:05"
303,"清洁能源",,1,"2016-02-15",1,1,"2014-12-10 18:08:34","2016-05-03 09:15:05"
308,"钼",,1,"2016-03-30",1,1,"2014-12-10 18:08:34","2016-05-03 09:15:05"
312,"地震",,1,"2016-04-03",1,1,"2014-12-10 18:08:34","2016-05-03 09:15:05"
322,"保健品",,1,"2016-03-21",1,1,"2014-12-10 18:08:34","2016-05-03 09:15:05"
323,"电梯",,1,"2016-03-25",1,1,"2014-12-10 18:08:34","2016-05-03 09:15:05"
332,"软件",,1,"2016-02-13",1,1,"2014-12-10 18:08:34","2016-05-03 09:15:05"
339,"油改",,1,"2016-02-13",1,1,"2014-12-10 18:08:34","2016-05-03 09:15:05"
342,"国产手机",,1,"2016-03-23",1,1,"2014-12-10 18:08:34","2016-05-03 09:15:05"
344,"广东自贸区",,1,"2016-03-23",1,1,"2014-12-10 18:08:34","2016-05-03 09:15:05"
345,"沪港通",,1,"2015-03-20",1,1,"2014-12-10 18:08:34","2016-05-03 09:15:05"
347,"鸡蛋",,1,"2016-03-27",1,1,"2014-12-10 18:08:34","2016-05-03 09:15:05"
349,"互联网汽车",,1,"2016-03-30",1,1,"2014-12-10 18:08:34","2016-05-03 09:15:05"
352,"反腐",,1,"2016-03-02",1,1,"2014-12-10 18:08:34","2016-05-03 09:15:05"
359,"顺丁橡胶",,1,"2016-02-03",1,1,"2014-12-10 18:08:34","2016-05-03 09:15:05"
366,"超市","来自申万行业分类",5,"2011-05-28",1,1,"2014-12-10 18:08:34","2016-05-03 09:15:05"
370,"电源",,1,"2016-03-17",1,1,"2014-12-10 18:08:34","2016-05-03 09:15:05"
371,"农田水利建设",,1,"2016-03-23",1,1,"2014-12-10 18:08:34","2016-05-03 09:15:05"
373,"肉制品","来自申万行业分类",5,"2011-05-28",1,1,"2014-12-10 18:08:34","2016-05-03 09:15:05"
381,"人脑工程",,1,"2016-03-25",1,1,"2014-12-10 18:08:34","2016-05-03 09:15:05"
411,"氮肥","来自申万行业分类",5,"2011-05-28",1,1,"2014-12-10 18:08:34","2016-05-03 09:15:05"
414,"化肥",,1,"2016-04-03",1,1,"2014-12-10 18:08:34","2016-05-03 09:15:05"
424,"园林",,1,"2016-03-23",1,1,"2014-12-10 18:08:34","2016-05-03 09:15:05"
425,"自行车",,1,"2016-03-14",1,1,"2014-12-10 18:08:34","2016-05-03 09:15:05"
431,"机器人",,1,"2016-03-30",1,1,"2014-12-10 18:08:34","2016-05-03 09:15:05"
432,"高校",,1,"2016-03-30",1,1,"2014-12-10 18:08:34","2016-05-03 09:15:05"
439,"农业信息化",,1,"2016-04-03",1,1,"2014-12-10 18:08:34","2016-05-03 09:15:05"
454,"供销社",,1,"2016-03-19",1,1,"2014-12-10 18:08:34","2016-05-03 09:15:05"
471,"创投",,1,"2016-03-25",1,1,"2014-12-10 18:08:34","2016-05-03 09:15:05"
472,"分拆上市",,1,"2016-02-13",1,1,"2014-12-10 18:08:34","2016-05-03 09:15:05"
477,"低价",,2,"2015-03-25",1,1,"2014-12-10 18:08:34","2016-05-03 09:15:05"
483,"高铁",,1,"2016-03-21",1,1,"2014-12-10 18:08:34","2016-05-03 09:15:05"
484,"稀土","来自申万行业分类",5,"2011-05-28",1,1,"2014-12-10 18:08:34","2016-05-03 09:15:05"
488,"春节",,2,"2015-03-25",1,1,"2014-12-10 18:08:34","2016-05-03 09:15:05"
489,"军工",,1,"2016-03-02",1,1,"2014-12-10 18:08:34","2016-05-03 09:15:05"
490,"高送转",,1,"2016-03-31",1,1,"2014-12-10 18:08:34","2016-05-03 09:15:05"
497,"期货",,1,"2016-03-14",1,1,"2014-12-10 18:08:34","2016-05-03 09:15:05"
501,"苹果",,2,"2015-03-25",1,1,"2014-12-10 18:08:34","2016-05-03 09:15:05"
502,"巴菲特",,2,"2015-03-25",1,1,"2014-12-10 18:08:34","2016-05-03 09:15:05"
507,"消费",,2,"2015-03-25",1,1,"2014-12-10 18:08:34","2016-05-03 09:15:05"
508,"PTA",,1,"2015-01-13",1,1,"2014-12-10 18:08:34","2016-05-03 09:15:05"
510,"黄酒","来自申万行业分类",5,"2011-05-28",1,1,"2014-12-10 18:08:34","2016-05-03 09:15:05"
511,"现代农业",,2,"2015-03-25",1,1,"2014-12-10 18:08:34","2016-05-03 09:15:05"
512,"大消费",,1,"2016-02-22",1,1,"2014-12-10 18:08:34","2016-05-03 09:15:05"
518,"上海迪士尼",,2,"2015-03-25",1,1,"2014-12-10 18:08:34","2016-05-03 09:15:05"
520,"人参",,1,"2016-03-19",1,1,"2014-12-10 18:08:34","2016-05-03 09:15:05"
522,"水利",,2,"2015-03-25",1,1,"2014-12-10 18:08:34","2016-05-03 09:15:05"
530,"环保","来自申万行业分类",5,"2014-08-31",1,1,"2014-12-10 18:08:34","2016-05-03 09:15:05"
538,"钾肥","来自申万行业分类",5,"2011-05-28",1,1,"2014-12-10 18:08:34","2016-05-03 09:15:05"
541,"海南",,2,"2015-03-25",1,1,"2014-12-10 18:08:34","2016-05-03 09:15:05"
542,"铁路",,2,"2015-03-25",1,1,"2014-12-10 18:08:34","2016-05-03 09:15:05"
545,"园区",,2,"2015-03-25",1,1,"2014-12-10 18:08:34","2016-05-03 09:15:05"
547,"订单",,2,"2015-03-25",1,1,"2014-12-10 18:08:34","2016-05-03 09:15:05"
551,"实验",,2,"2015-03-25",1,1,"2014-12-10 18:08:34","2016-05-03 09:15:05"
556,"基建",,2,"2015-03-25",1,1,"2014-12-10 18:08:34","2016-05-03 09:15:05"
563,"地产",,2,"2015-03-25",1,1,"2014-12-10 18:08:34","2016-05-03 09:15:06"
571,"中资",,2,"2015-03-25",1,1,"2014-12-10 18:08:34","2016-05-03 09:15:06"
580,"生物",,2,"2015-03-25",1,1,"2014-12-10 18:08:34","2016-05-03 09:15:06"
583,"生态",,2,"2015-03-25",1,1,"2014-12-10 18:08:34","2016-05-03 09:15:06"
593,"送转",,2,"2015-03-25",1,1,"2014-12-10 18:08:34","2016-05-03 09:15:06"
597,"防火",,2,"2015-03-25",1,1,"2014-12-10 18:08:34","2016-05-03 09:15:06"
598,"农业",,2,"2015-03-25",1,1,"2014-12-10 18:08:34","2016-05-03 09:15:06"
600,"小盘",,2,"2015-03-25",1,1,"2014-12-10 18:08:34","2016-05-03 09:15:06"
602,"电商",,2,"2015-03-25",1,1,"2014-12-10 18:08:34","2016-05-03 09:15:06"
604,"CMOS",,2,"2015-03-25",1,1,"2014-12-10 18:08:34","2016-05-03 09:15:06"
608,"土壤治理",,2,"2015-03-25",1,1,"2014-12-10 18:08:34","2016-05-03 09:15:06"
611,"三星",,1,"2016-04-03",1,1,"2014-12-10 18:08:34","2016-05-03 09:15:06"
623,"消防",,2,"2015-03-25",1,1,"2014-12-10 18:08:34","2016-05-03 09:15:06"
637,"环境保护",,2,"2015-03-25",1,1,"2014-12-10 18:08:34","2016-05-03 09:15:06"
644,"5G",,1,"2016-03-31",1,1,"2014-12-10 18:08:34","2016-05-03 09:15:06"
650,"迪斯尼","上海迪士尼公园将在2015年1月30日完成施工，建成后将带动周边土地大幅升值，巨大的客流量，将对当地娱乐、餐饮、住宿、购物等行业上市公司构成利好",2,"2015-03-25",1,1,"2014-12-10 18:08:34","2016-05-03 09:15:06"
660,"碳纳米管",,1,"2016-03-31",1,1,"2014-12-10 18:08:34","2016-05-03 09:15:06"
661,"CRO",,2,"2015-03-25",1,1,"2014-12-10 18:08:34","2016-05-03 09:15:06"
670,"互联网",,1,"2016-03-31",1,1,"2014-12-10 18:08:34","2016-05-03 09:15:06"
683,"手游",,2,"2015-03-25",1,1,"2014-12-10 18:08:34","2016-05-03 09:15:06"
684,"水处理",,2,"2015-03-25",1,1,"2014-12-10 18:08:34","2016-05-03 09:15:06"
691,"国产",,2,"2015-03-25",1,1,"2014-12-10 18:08:34","2016-05-03 09:15:06"
697,"高温",,1,"2016-03-02",1,1,"2014-12-10 18:08:34","2016-05-03 09:15:06"
698,"抗癌",,1,"2016-03-30",1,1,"2014-12-10 18:08:34","2016-05-03 09:15:06"
700,"小贷",,2,"2015-03-25",1,1,"2014-12-10 18:08:34","2016-05-03 09:15:06"
704,"三板",,2,"2015-03-25",1,1,"2014-12-10 18:08:34","2016-05-03 09:15:06"
706,"香港",,2,"2015-03-25",1,1,"2014-12-10 18:08:34","2016-05-03 09:15:06"
707,"阿里",,2,"2015-03-25",1,1,"2014-12-10 18:08:34","2016-05-03 09:15:06"
708,"新经济",,2,"2015-03-25",1,1,"2014-12-10 18:08:34","2016-05-03 09:15:06"
715,"动漫",,1,"2016-04-01",1,1,"2014-12-10 18:08:34","2016-05-03 09:15:06"
719,"体育彩票",,2,"2015-03-25",1,1,"2014-12-10 18:08:34","2016-05-03 09:15:06"
722,"园区开发","来自申万行业分类",5,"2011-05-28",1,1,"2014-12-10 18:08:34","2016-05-03 09:15:06"
723,"机器视觉",,1,"2016-03-10",1,1,"2014-12-10 18:08:34","2016-05-03 09:15:06"
724,"文化",,2,"2015-03-25",1,1,"2014-12-10 18:08:34","2016-05-03 09:15:06"
733,"网游",,2,"2015-03-25",1,1,"2014-12-10 18:08:34","2016-05-03 09:15:06"
738,"新兴产业",,2,"2015-03-25",1,1,"2014-12-10 18:08:34","2016-05-03 09:15:06"
742,"回购","股票回购是指上市公司从股票市场上购回一定数额的发行在外的股票。公司在股票回购完成后可以将所回购股票注销，但在大多数情况下，公司将回购的股份作为“库藏股份”保留，仍属于发行在外的股份，但不参与每般收益的计算和收益分配。库藏股票日后可移作他用，或在需要资金时将其出售。",2,"2015-03-25",1,1,"2014-12-10 18:08:34","2016-05-03 09:15:06"
752,"农机",,1,"2016-02-19",1,1,"2014-12-10 18:08:34","2016-05-03 09:15:06"
757,"腾讯",,2,"2015-03-25",1,1,"2014-12-10 18:08:34","2016-05-03 09:15:06"
758,"管家",,2,"2015-03-25",1,1,"2014-12-10 18:08:34","2016-05-03 09:15:06"
764,"涨价",,2,"2015-03-25",1,1,"2014-12-10 18:08:34","2016-05-03 09:15:06"
779,"通信","来自申万行业分类",5,"2011-05-28",1,1,"2014-12-10 18:08:34","2016-05-03 09:15:06"
780,"电子发票",,1,"2016-02-18",1,1,"2014-12-10 18:08:34","2016-05-03 09:15:06"
783,"公共交通",,1,"2016-03-28",1,1,"2014-12-10 18:08:34","2016-05-03 09:15:06"
788,"文化传媒","来自申万行业分类",5,"2011-05-28",1,1,"2014-12-10 18:08:34","2016-05-03 09:15:06"
789,"游戏",,2,"2015-03-25",1,1,"2014-12-10 18:08:34","2016-05-03 09:15:06"
791,"仓储业",,2,"2015-03-25",1,1,"2014-12-10 18:08:34","2016-05-03 09:15:06"
792,"LNG","液化天然气（liquefied natural gas）的缩写,是一种清洁、高效的能源，很多国家都将LNG列为首选燃料，在能源供应中的比例迅速增加。",2,"2015-03-25",1,1,"2014-12-10 18:08:34","2016-05-03 09:15:06"
796,"自贸",,2,"2015-03-25",1,1,"2014-12-10 18:08:34","2016-05-03 09:15:06"
803,"土改",,2,"2015-03-25",1,1,"2014-12-10 18:08:34","2016-05-03 09:15:06"
807,"新疆",,2,"2015-03-25",1,1,"2014-12-10 18:08:34","2016-05-03 09:15:06"
814,"优先股",,1,"2015-01-13",1,1,"2014-12-10 18:08:34","2016-05-03 09:15:06"
821,"重工",,2,"2015-03-25",1,1,"2014-12-10 18:08:34","2016-05-03 09:15:06"
827,"临港",,2,"2015-03-25",1,1,"2014-12-10 18:08:34","2016-05-03 09:15:06"
828,"互联金融",,1,"2016-03-16",1,1,"2014-12-10 18:08:34","2016-05-03 09:15:06"
832,"马云",,1,"2015-01-13",1,1,"2014-12-10 18:08:34","2016-05-03 09:15:06"
835,"直销银行","互联网时代的新型银行运作模式，没有营业网点，不发放实体银行卡，客户主要通过电脑、电子邮件、手机、电话等远程渠道获取银行产品和服务。",1,"2016-03-30",1,1,"2014-12-10 18:08:34","2016-05-03 09:15:06"
837,"水泥",,2,"2015-03-25",1,1,"2014-12-10 18:08:34","2016-05-03 09:15:06"
841,"触网",,2,"2015-03-25",1,1,"2014-12-10 18:08:34","2016-05-03 09:15:06"
842,"零售行业",,2,"2015-03-25",1,1,"2014-12-10 18:08:34","2016-05-03 09:15:06"
843,"风能",,1,"2015-03-19",1,1,"2014-12-10 18:08:34","2016-05-03 09:15:06"
846,"产业链",,2,"2015-03-25",1,1,"2014-12-10 18:08:34","2016-05-03 09:15:06"
848,"金融",,2,"2015-03-25",1,1,"2014-12-10 18:08:34","2016-05-03 09:15:06"
849,"复苏",,2,"2015-03-25",1,1,"2014-12-10 18:08:34","2016-05-03 09:15:06"
854,"外资金融",,2,"2015-03-25",1,1,"2014-12-10 18:08:34","2016-05-03 09:15:07"
857,"商贸零售",,2,"2015-03-25",1,1,"2014-12-10 18:08:34","2016-05-03 09:15:07"
869,"苏宁",,2,"2015-03-25",1,1,"2014-12-10 18:08:34","2016-05-03 09:15:07"
872,"光伏发电",,2,"2015-03-25",1,1,"2014-12-10 18:08:34","2016-05-03 09:15:07"
876,"大金融",,2,"2015-03-25",1,1,"2014-12-10 18:08:34","2016-05-03 09:15:07"
879,"新自贸",,2,"2015-03-25",1,1,"2014-12-10 18:08:34","2016-05-03 09:15:07"
888,"通讯",,2,"2015-03-25",1,1,"2014-12-10 18:08:34","2016-05-03 09:15:07"
897,"天津",,2,"2015-03-25",1,1,"2014-12-10 18:08:34","2016-05-03 09:15:07"
916,"金融创新",,2,"2015-03-25",1,1,"2014-12-10 18:08:34","2016-05-03 09:15:07"
921,"上海",,2,"2015-03-25",1,1,"2014-12-10 18:08:34","2016-05-03 09:15:07"
928,"政策",,2,"2015-03-25",1,1,"2014-12-10 18:08:34","2016-05-03 09:15:07"
929,"健康产业",,1,"2015-12-03",1,1,"2014-12-10 18:08:34","2016-05-03 09:15:07"
933,"业绩",,2,"2015-03-25",1,1,"2014-12-10 18:08:34","2016-05-03 09:15:07"
937,"疫苗",,2,"2015-03-25",1,1,"2014-12-10 18:08:34","2016-05-03 09:15:07"
939,"信用卡",,2,"2015-03-25",1,1,"2014-12-10 18:08:34","2016-05-03 09:15:07"
942,"农村土地流转",,2,"2015-03-25",1,1,"2014-12-10 18:08:34","2016-05-03 09:15:07"
943,"医疗",,2,"2015-03-25",1,1,"2014-12-10 18:08:34","2016-05-03 09:15:07"
945,"中药","来自申万行业分类",5,"2011-05-28",1,1,"2014-12-10 18:08:34","2016-05-03 09:15:07"
946,"铁矿",,2,"2015-03-25",1,1,"2014-12-10 18:08:34","2016-05-03 09:15:07"
949,"健康",,2,"2015-03-25",1,1,"2014-12-10 18:08:34","2016-05-03 09:15:07"
950,"智能物流",,1,"2016-03-24",1,1,"2014-12-10 18:08:34","2016-05-03 09:15:07"
959,"煤炭",,1,"2016-04-03",1,1,"2014-12-10 18:08:34","2016-05-03 09:15:07"
960,"铁矿石",,1,"2016-03-21",1,1,"2014-12-10 18:08:34","2016-05-03 09:15:07"
962,"海工",,2,"2015-03-25",1,1,"2014-12-10 18:08:34","2016-05-03 09:15:07"
965,"国资改革",,2,"2015-03-25",1,1,"2014-12-10 18:08:34","2016-05-03 09:15:07"
966,"服装",,2,"2015-03-25",1,1,"2014-12-10 18:08:34","2016-05-03 09:15:07"
969,"新药",,2,"2015-03-25",1,1,"2014-12-10 18:08:34","2016-05-03 09:15:07"
973,"移动",,2,"2015-03-25",1,1,"2014-12-10 18:08:34","2016-05-03 09:15:07"
974,"医疗健康",,2,"2015-03-25",1,1,"2014-12-10 18:08:34","2016-05-03 09:15:07"
982,"石油",,2,"2015-03-25",1,1,"2014-12-10 18:08:34","2016-05-03 09:15:07"
985,"林场改革",,1,"2016-03-04",1,1,"2014-12-10 18:08:34","2016-05-03 09:15:07"
986,"核能核电",,1,"2016-03-11",1,1,"2014-12-10 18:08:34","2016-05-03 09:15:07"
988,"参股",,2,"2015-03-25",1,1,"2014-12-10 18:08:34","2016-05-03 09:15:07"
990,"新产业",,2,"2015-03-25",1,1,"2014-12-10 18:08:34","2016-05-03 09:15:07"
995,"三中",,2,"2015-03-25",1,1,"2014-12-10 18:08:34","2016-05-03 09:15:07"
998,"体育",,2,"2015-03-25",1,1,"2014-12-10 18:08:34","2016-05-03 09:15:07"
999,"冬奥",,2,"2015-03-25",1,1,"2014-12-10 18:08:34","2016-05-03 09:15:07"
1003,"改革红利",,2,"2015-03-25",1,1,"2014-12-10 18:08:34","2016-05-03 09:15:07"
1005,"大气污染治理",,2,"2015-03-25",1,1,"2014-12-10 18:08:34","2016-05-03 09:15:07"
1010,"转型",,2,"2015-03-25",1,1,"2014-12-10 18:08:34","2016-05-03 09:15:07"
1011,"燃气","来自申万行业分类",5,"2011-05-28",1,1,"2014-12-10 18:08:34","2016-05-03 09:15:07"
1020,"厦门自贸",,2,"2015-03-25",1,1,"2014-12-10 18:08:34","2016-05-03 09:15:07"
1024,"透析",,2,"2015-03-25",1,1,"2014-12-10 18:08:34","2016-05-03 09:15:07"
1025,"农林牧渔","来自申万行业分类",5,"2011-05-28",1,1,"2014-12-10 18:08:34","2016-05-03 09:15:07"
1028,"安全",,2,"2015-03-25",1,1,"2014-12-10 18:08:34","2016-05-03 09:15:07"
1035,"国策",,2,"2015-03-25",1,1,"2014-12-10 18:08:34","2016-05-03 09:15:07"
1037,"广电网络",,2,"2015-03-25",1,1,"2014-12-10 18:08:34","2016-05-03 09:15:07"
1040,"大安全",,2,"2015-03-25",1,1,"2014-12-10 18:08:34","2016-05-03 09:15:07"
1042,"改革预期",,2,"2015-03-25",1,1,"2014-12-10 18:08:34","2016-05-03 09:15:07"
1046,"通航",,2,"2015-03-25",1,1,"2014-12-10 18:08:34","2016-05-03 09:15:07"
1047,"玩具",,2,"2015-03-25",1,1,"2014-12-10 18:08:34","2016-05-03 09:15:07"
1049,"航空航天",,1,"2016-04-01",1,1,"2014-12-10 18:08:34","2016-05-03 09:15:07"
1050,"航空",,2,"2015-03-25",1,1,"2014-12-10 18:08:34","2016-05-03 09:15:07"
1051,"轨交",,2,"2015-03-25",1,1,"2014-12-10 18:08:34","2016-05-03 09:15:07"
1054,"申万",,2,"2015-03-25",1,1,"2014-12-10 18:08:34","2016-05-03 09:15:07"
1056,"银行改革",,2,"2015-03-25",1,1,"2014-12-10 18:08:34","2016-05-03 09:15:07"
1061,"军工改制",,1,"2016-04-01",1,1,"2014-12-10 18:08:34","2016-05-03 09:15:07"
1079,"国企",,2,"2015-03-25",1,1,"2014-12-10 18:08:34","2016-05-03 09:15:07"
1082,"安全生产",,2,"2015-03-25",1,1,"2014-12-10 18:08:34","2016-05-03 09:15:07"
1083,"雷达",,1,"2016-04-01",1,1,"2014-12-10 18:08:34","2016-05-03 09:15:07"
1099,"智能驾驶",,1,"2016-03-31",1,1,"2014-12-10 18:08:34","2016-05-03 09:15:08"
1102,"中国高铁",,2,"2015-03-25",1,1,"2014-12-10 18:08:34","2016-05-03 09:15:08"
1109,"家具","来自申万行业分类",5,"2011-05-28",1,1,"2014-12-10 18:08:34","2016-05-03 09:15:08"
1110,"聚宝盆",,2,"2015-03-25",1,1,"2014-12-10 18:08:34","2016-05-03 09:15:08"
1113,"武器装备",,2,"2015-03-25",1,1,"2014-12-10 18:08:34","2016-05-03 09:15:08"
1115,"高送转主题",,2,"2015-03-25",1,1,"2014-12-10 18:08:34","2016-05-03 09:15:08"
1119,"家居",,2,"2015-03-25",1,1,"2014-12-10 18:08:34","2016-05-03 09:15:08"
1120,"国防",,2,"2015-03-25",1,1,"2014-12-10 18:08:34","2016-05-03 09:15:08"
1123,"高端装备",,1,"2015-06-28",1,1,"2014-12-10 18:08:34","2016-05-03 09:15:08"
1125,"医院",,2,"2015-03-25",1,1,"2014-12-10 18:08:34","2016-05-03 09:15:08"
1132,"核能",,2,"2015-03-25",1,1,"2014-12-10 18:08:34","2016-05-03 09:15:08"
1159,"成长",,2,"2015-03-25",1,1,"2014-12-10 18:08:34","2016-05-03 09:15:08"
1162,"高增长",,2,"2015-03-25",1,1,"2014-12-10 18:08:34","2016-05-03 09:15:08"
1164,"绿色",,2,"2015-03-25",1,1,"2014-12-10 18:08:34","2016-05-03 09:15:08"
1173,"城镇",,2,"2015-03-25",1,1,"2014-12-10 18:08:34","2016-05-03 09:15:08"
1174,"创新金融",,2,"2015-03-25",1,1,"2014-12-10 18:08:34","2016-05-03 09:15:08"
1175,"防治",,2,"2015-03-25",1,1,"2014-12-10 18:08:34","2016-05-03 09:15:08"
1176,"金融服务","来自申万行业分类",5,"2011-05-28",1,1,"2014-12-10 18:08:34","2016-05-03 09:15:08"
1192,"转板",,2,"2015-03-25",1,1,"2014-12-10 18:08:34","2016-05-03 09:15:08"
1193,"LED灯",,2,"2015-03-25",1,1,"2014-12-10 18:08:34","2016-05-03 09:15:08"
1203,"流感",,2,"2015-03-25",1,1,"2014-12-10 18:08:34","2016-05-03 09:15:08"
1207,"并购重组",,2,"2015-03-25",1,1,"2014-12-10 18:08:34","2016-05-03 09:15:08"
1210,"春运",,1,"2015-05-21",1,1,"2014-12-10 18:08:34","2016-05-03 09:15:08"
1211,"消费类",,2,"2015-03-25",1,1,"2014-12-10 18:08:34","2016-05-03 09:15:08"
1215,"网络",,2,"2015-03-25",1,1,"2014-12-10 18:08:34","2016-05-03 09:15:08"
1216,"多元金融","来自申万行业分类",5,"2011-05-28",1,1,"2014-12-10 18:08:34","2016-05-03 09:15:08"
1218,"导航",,2,"2015-03-25",1,1,"2014-12-10 18:08:34","2016-05-03 09:15:08"
1219,"年报题材",,2,"2015-03-25",1,1,"2014-12-10 18:08:34","2016-05-03 09:15:08"
1225,"视频",,2,"2015-03-25",1,1,"2014-12-10 18:08:34","2016-05-03 09:15:08"
1233,"扭亏",,2,"2015-03-25",1,1,"2014-12-10 18:08:34","2016-05-03 09:15:08"
1241,"水务","来自申万行业分类",5,"2011-05-28",1,1,"2014-12-10 18:08:34","2016-05-03 09:15:08"
1266,"智能",,2,"2015-03-25",1,1,"2014-12-10 18:08:34","2016-05-03 09:15:08"
1271,"智能汽车","在普通汽车的基础上增加了先进的传感器（雷达、摄像）、控制器、执行器等装置，通过车载传感系统和信息终端实现与人、车、路等的智能信息交换，使汽车具备智能的环境感知能力，能够自动分析汽车行驶的安全及危险状态，并使汽车按照人的意愿到达目的地，最终实现替代人来操作的目的。",2,"2015-03-25",1,1,"2014-12-10 18:08:34","2016-05-03 09:15:08"
1276,"稀缺资源",,1,"2016-03-05",1,1,"2014-12-10 18:08:34","2016-05-03 09:15:08"
1277,"高转送",,2,"2015-03-25",1,1,"2014-12-10 18:08:34","2016-05-03 09:15:08"
1288,"治理",,2,"2015-03-25",1,1,"2014-12-10 18:08:34","2016-05-03 09:15:08"
1289,"生物技术",,2,"2015-03-25",1,1,"2014-12-10 18:08:34","2016-05-03 09:15:08"
1301,"新一轮农网改造",,2,"2015-03-25",1,1,"2014-12-10 18:08:34","2016-05-03 09:15:08"
1304,"网安",,2,"2015-03-25",1,1,"2014-12-10 18:08:34","2016-05-03 09:15:08"
1309,"互联网平台",,1,"2016-03-02",1,1,"2014-12-10 18:08:34","2016-05-03 09:15:08"
1319,"大农业","不仅是种植、养殖，还包括产前产后如产农药、化肥等生产，产后加工、销售等领域的一种农业产业化模式",2,"2015-03-25",1,1,"2014-12-10 18:08:34","2016-05-03 09:15:08"
1328,"东莞",,2,"2015-03-25",1,1,"2014-12-10 18:08:34","2016-05-03 09:15:08"
1333,"集成电路","来自申万行业分类",5,"2011-05-28",1,1,"2014-12-10 18:08:34","2016-05-03 09:15:08"
1334,"电动车",,2,"2015-03-25",1,1,"2014-12-10 18:08:34","2016-05-03 09:15:08"
1341,"美股",,2,"2015-03-25",1,1,"2014-12-10 18:08:34","2016-05-03 09:15:08"
1342,"民营",,2,"2015-03-25",1,1,"2014-12-10 18:08:34","2016-05-03 09:15:08"
1354,"科网",,2,"2015-03-25",1,1,"2014-12-10 18:08:34","2016-05-03 09:15:08"
1372,"芯片国产化",,2,"2015-03-25",1,1,"2014-12-10 18:08:34","2016-05-03 09:15:08"
1387,"社交",,2,"2015-03-25",1,1,"2014-12-10 18:08:34","2016-05-03 09:15:08"
1393,"绿地",,2,"2015-03-25",1,1,"2014-12-10 18:08:34","2016-05-03 09:15:08"
1394,"黄金白银",,2,"2015-03-25",1,1,"2014-12-10 18:08:34","2016-05-03 09:15:08"
1398,"险资重仓",,2,"2015-03-25",1,1,"2014-12-10 18:08:34","2016-05-03 09:15:08"
1400,"医药",,2,"2015-03-25",1,1,"2014-12-10 18:08:34","2016-05-03 09:15:08"
1407,"微投",,2,"2015-03-25",1,1,"2014-12-10 18:08:34","2016-05-03 09:15:08"
1413,"支付",,2,"2015-03-25",1,1,"2014-12-10 18:08:34","2016-05-03 09:15:08"
1422,"电动汽车",,1,"2016-03-09",1,1,"2014-12-10 18:08:34","2016-05-03 09:15:09"
1426,"网络信息安全",,2,"2015-03-25",1,1,"2014-12-10 18:08:34","2016-05-03 09:15:09"
1429,"出口",,2,"2015-03-25",1,1,"2014-12-10 18:08:34","2016-05-03 09:15:09"
1441,"早盘",,2,"2015-03-25",1,1,"2014-12-10 18:08:34","2016-05-03 09:15:09"
1444,"经济圈",,2,"2015-03-25",1,1,"2014-12-10 18:08:34","2016-05-03 09:15:09"
1452,"李克强",,2,"2015-03-25",1,1,"2014-12-10 18:08:34","2016-05-03 09:15:09"
1456,"锂资源",,2,"2015-03-25",1,1,"2014-12-10 18:08:34","2016-05-03 09:15:09"
1480,"癌症检测",,2,"2015-03-25",1,1,"2014-12-10 18:08:34","2016-05-03 09:15:09"
1481,"标的",,2,"2015-03-25",1,1,"2014-12-10 18:08:34","2016-05-03 09:15:09"
1485,"肿瘤检测",,2,"2015-03-25",1,1,"2014-12-10 18:08:34","2016-05-03 09:15:09"
1486,"电力","来自申万行业分类",5,"2011-05-28",1,1,"2014-12-10 18:08:34","2016-05-03 09:15:09"
1496,"环保板块",,2,"2015-03-25",1,1,"2014-12-10 18:08:34","2016-05-03 09:15:09"
1500,"芯片",,2,"2015-03-25",1,1,"2014-12-10 18:08:34","2016-05-03 09:15:09"
1504,"广告",,2,"2015-03-25",1,1,"2014-12-10 18:08:34","2016-05-03 09:15:09"
1507,"职教",,2,"2015-03-25",1,1,"2014-12-10 18:08:34","2016-05-03 09:15:09"
1514,"鸡苗",,2,"2015-03-25",1,1,"2014-12-10 18:08:34","2016-05-03 09:15:09"
1517,"医疗服务","来自申万行业分类",5,"2011-05-28",1,1,"2014-12-10 18:08:34","2016-05-03 09:15:09"
1518,"脱硫",,2,"2015-03-25",1,1,"2014-12-10 18:08:34","2016-05-03 09:15:09"
1521,"新电改",,2,"2015-03-25",1,1,"2014-12-10 18:08:34","2016-05-03 09:15:09"
1523,"河北",,2,"2015-03-25",1,1,"2014-12-10 18:08:34","2016-05-03 09:15:09"
1524,"智能化",,2,"2015-03-25",1,1,"2014-12-10 18:08:34","2016-05-03 09:15:09"
1538,"港口","来自申万行业分类",5,"2011-05-28",1,1,"2014-12-10 18:08:34","2016-05-03 09:15:09"
1567,"稀土涨价",,2,"2015-03-25",1,1,"2014-12-10 18:08:34","2016-05-03 09:15:09"
1569,"安徽",,2,"2015-03-25",1,1,"2014-12-10 18:08:34","2016-05-03 09:15:09"
1573,"红利",,2,"2015-03-25",1,1,"2014-12-10 18:08:34","2016-05-03 09:15:09"
1579,"国产芯片",,2,"2015-03-25",1,1,"2014-12-10 18:08:34","2016-05-03 09:15:09"
1581,"铁路运价市场化",,2,"2015-03-25",1,1,"2014-12-10 18:08:34","2016-05-03 09:15:09"
1583,"新疆建设",,1,"2016-02-14",1,1,"2014-12-10 18:08:34","2016-05-03 09:15:09"
1584,"合并",,2,"2015-03-25",1,1,"2014-12-10 18:08:34","2016-05-03 09:15:09"
1592,"科技",,2,"2015-03-25",1,1,"2014-12-10 18:08:34","2016-05-03 09:15:09"
1596,"软件服务",,2,"2015-03-25",1,1,"2014-12-10 18:08:34","2016-05-03 09:15:09"
1600,"AH",,2,"2015-03-25",1,1,"2014-12-10 18:08:34","2016-05-03 09:15:09"
1605,"军工改革",,2,"2015-03-25",1,1,"2014-12-10 18:08:34","2016-05-03 09:15:09"
1608,"华北",,2,"2015-03-25",1,1,"2014-12-10 18:08:34","2016-05-03 09:15:09"
1615,"江苏",,2,"2015-03-25",1,1,"2014-12-10 18:08:34","2016-05-03 09:15:09"
1637,"赎回",,2,"2015-03-25",1,1,"2014-12-10 18:08:34","2016-05-03 09:15:09"
1638,"建筑建材","来自申万行业分类",5,"2011-05-28",1,1,"2014-12-10 18:08:34","2016-05-03 09:15:09"
1645,"无人驾驶","无人驾驶汽车是通过车载传感系统感知道路环境，自动规划行车路线并控制车辆到达预定目标的智能汽车",1,"2016-03-22",1,1,"2014-12-10 18:08:34","2016-05-03 09:15:09"
1648,"水泥板块",,2,"2015-03-25",1,1,"2014-12-10 18:08:34","2016-05-03 09:15:09"
1650,"被举牌",,2,"2015-03-25",1,1,"2014-12-10 18:08:34","2016-05-03 09:15:09"
1652,"举牌",,1,"2015-01-13",1,1,"2014-12-10 18:08:34","2016-05-03 09:15:09"
1653,"食品饮料","来自申万行业分类",5,"2011-05-28",1,1,"2014-12-10 18:08:34","2016-05-03 09:15:09"
1660,"五一旅游",,2,"2015-03-25",1,1,"2014-12-10 18:08:34","2016-05-03 09:15:09"
1680,"资本增持",,2,"2015-03-25",1,1,"2014-12-10 18:08:34","2016-05-03 09:15:09"
1693,"镍",,2,"2015-03-25",1,1,"2014-12-10 18:08:34","2016-05-03 09:15:09"
1715,"送转潜力","每股未分配利润和公积金高，具有送转股潜力的股票",1,"2015-03-19",1,1,"2014-12-10 18:08:34","2016-05-03 09:15:09"
1725,"增发",,2,"2015-03-25",1,1,"2014-12-10 18:08:34","2016-05-03 09:15:09"
1733,"硬盘",,2,"2015-03-25",1,1,"2014-12-10 18:08:34","2016-05-03 09:15:09"
1736,"生物基因",,2,"2015-03-25",1,1,"2014-12-10 18:08:34","2016-05-03 09:15:09"
1755,"中超",,2,"2015-03-25",1,1,"2014-12-10 18:08:34","2016-05-03 09:15:09"
1759,"绿色建材",,2,"2015-03-25",1,1,"2014-12-10 18:08:34","2016-05-03 09:15:09"
1760,"量子通信",,1,"2016-04-01",1,1,"2014-12-10 18:08:34","2016-05-03 09:15:09"
1770,"ETC",,1,"2016-02-17",1,1,"2014-12-10 18:08:34","2016-05-03 09:15:09"
1772,"中科院",,2,"2015-03-25",1,1,"2014-12-10 18:08:34","2016-05-03 09:15:09"
1780,"水十条",,2,"2015-03-25",1,1,"2014-12-10 18:08:34","2016-05-03 09:15:10"
1784,"铝金属",,2,"2015-03-25",1,1,"2014-12-10 18:08:34","2016-05-03 09:15:10"
1795,"邮政",,2,"2015-03-25",1,1,"2014-12-10 18:08:34","2016-05-03 09:15:10"
1798,"城市管网",,1,"2016-03-26",1,1,"2014-12-10 18:08:34","2016-05-03 09:15:10"
1812,"影视",,2,"2015-03-25",1,1,"2014-12-10 18:08:34","2016-05-03 09:15:10"
1814,"高送转预期",,2,"2015-03-25",1,1,"2014-12-10 18:08:34","2016-05-03 09:15:10"
1817,"锌",,1,"2015-01-13",1,1,"2014-12-10 18:08:34","2016-05-03 09:15:10"
1819,"教育",,2,"2015-03-25",1,1,"2014-12-10 18:08:34","2016-05-03 09:15:10"
1829,"集成电路产业发展",,2,"2015-03-25",1,1,"2014-12-10 18:08:34","2016-05-03 09:15:10"
1833,"新股",,2,"2015-03-25",1,1,"2014-12-10 18:08:34","2016-05-03 09:15:10"
1839,"参股IPO",,2,"2015-03-25",1,1,"2014-12-10 18:08:34","2016-05-03 09:15:10"
1865,"基本金属",,1,"2016-03-11",1,1,"2014-12-10 18:08:34","2016-05-03 09:15:10"
1873,"中韩合作",,2,"2015-03-25",1,1,"2014-12-10 18:08:34","2016-05-03 09:15:10"
1903,"运输服务",,2,"2015-03-25",1,1,"2014-12-10 18:08:34","2016-05-03 09:15:10"
1905,"农业龙头",,2,"2015-03-25",1,1,"2014-12-10 18:08:34","2016-05-03 09:15:10"
1909,"核电板块",,2,"2015-03-25",1,1,"2014-12-10 18:08:34","2016-05-03 09:15:10"
1914,"国改",,2,"2015-03-25",1,1,"2014-12-10 18:08:34","2016-05-03 09:15:10"
1917,"跨界",,2,"2015-03-25",1,1,"2014-12-10 18:08:34","2016-05-03 09:15:10"
1919,"一体化",,2,"2015-03-25",1,1,"2014-12-10 18:08:34","2016-05-03 09:15:10"
1931,"铝行业",,2,"2015-03-25",1,1,"2014-12-10 18:08:34","2016-05-03 09:15:10"
1937,"农牧饲渔",,2,"2015-03-25",1,1,"2014-12-10 18:08:34","2016-05-03 09:15:10"
1943,"电池",,2,"2015-03-25",1,1,"2014-12-10 18:08:34","2016-05-03 09:15:10"
1949,"电信",,2,"2015-03-25",1,1,"2014-12-10 18:08:34","2016-05-03 09:15:10"
1952,"信息",,2,"2015-03-25",1,1,"2014-12-10 18:08:34","2016-05-03 09:15:10"
1963,"有色",,2,"2015-03-25",1,1,"2014-12-10 18:08:34","2016-05-03 09:15:10"
1981,"养殖",,2,"2015-03-25",1,1,"2014-12-10 18:08:34","2016-05-03 09:15:10"
1982,"柔性电子",,1,"2016-03-26",1,1,"2014-12-10 18:08:34","2016-05-03 09:15:10"
1986,"能源汽车",,2,"2015-03-25",1,1,"2014-12-10 18:08:34","2016-05-03 09:15:10"
1996,"电力体制改革",,2,"2015-03-25",1,1,"2014-12-10 18:08:34","2016-05-03 09:15:10"
2003,"互联网券商","通过互联网进行证券交易的相关经纪代理活动，交易场所和交易执行都从实体物理点转移到互联网线上进行操作，投资者只需通过互联网和移动互联网工具即可进行签约开户、交易委托、支付和交易执行。",2,"2015-03-25",1,1,"2014-12-10 18:08:34","2016-05-03 09:15:10"
2007,"汽车电商",,1,"2016-02-22",1,1,"2014-12-10 18:08:34","2016-05-03 09:15:10"
2016,"化工","来自申万行业分类",5,"2011-05-28",1,1,"2014-12-10 18:08:34","2016-05-03 09:15:10"
2017,"反垄断",,2,"2015-03-25",1,1,"2014-12-10 18:08:34","2016-05-03 09:15:10"
2022,"新疆十三五规划",,2,"2015-03-25",1,1,"2014-12-10 18:08:34","2016-05-03 09:15:10"
2036,"大宗金属",,2,"2015-03-25",1,1,"2014-12-10 18:08:34","2016-05-03 09:15:10"
2045,"酿酒行业",,2,"2015-03-25",1,1,"2014-12-10 18:08:34","2016-05-03 09:15:10"
2048,"酿酒板块",,2,"2015-03-25",1,1,"2014-12-10 18:08:34","2016-05-03 09:15:10"
2056,"FPC",,2,"2015-03-25",1,1,"2014-12-10 18:08:34","2016-05-03 09:15:10"
2062,"运输",,2,"2015-03-25",1,1,"2014-12-10 18:08:34","2016-05-03 09:15:10"
2064,"高端白酒",,2,"2015-03-25",1,1,"2014-12-10 18:08:34","2016-05-03 09:15:10"
2065,"海运",,2,"2015-03-25",1,1,"2014-12-10 18:08:34","2016-05-03 09:15:10"
2066,"改革转型",,2,"2015-03-25",1,1,"2014-12-10 18:08:34","2016-05-03 09:15:10"
2067,"员工持股","员工持股计划属于一种特殊的报酬计划,是指为了吸引、保留和激励公司员工,通过让员工持有股票,使员工享有剩余索取权的利益分享机制和拥有经营决策权的参与机制",2,"2015-03-25",1,1,"2014-12-10 18:08:34","2016-05-03 09:15:10"
2074,"P2P",,1,"2016-03-14",1,1,"2014-12-10 18:08:34","2016-05-03 09:15:10"
2075,"众筹","翻译自国外crowdfunding一词，即大众筹资或群众筹资，是指一种向群众募资，以支持发起的个人或组织的行为。一般而言是透过网络上的平台连结起赞助者与提案者。",1,"2016-03-29",1,1,"2014-12-10 18:08:34","2016-05-03 09:15:10"
2083,"石化",,2,"2015-03-25",1,1,"2014-12-10 18:08:34","2016-05-03 09:15:10"
2089,"民航机场",,2,"2015-03-25",1,1,"2014-12-10 18:08:34","2016-05-03 09:15:11"
2093,"水权交易",,1,"2016-03-27",1,1,"2014-12-10 18:08:34","2016-05-03 09:15:11"
2099,"生物制品","来自申万行业分类",5,"2011-05-28",1,1,"2014-12-10 18:08:34","2016-05-03 09:15:11"
2100,"生物智能",,2,"2015-03-25",1,1,"2014-12-10 18:08:34","2016-05-03 09:15:11"
2118,"高端制造",,2,"2015-03-25",1,1,"2014-12-10 18:08:34","2016-05-03 09:15:11"
2120,"港口航运",,2,"2015-03-25",1,1,"2014-12-10 18:08:34","2016-05-03 09:15:11"
2123,"水运",,2,"2015-03-25",1,1,"2014-12-10 18:08:34","2016-05-03 09:15:11"
2124,"家居用品",,2,"2015-03-25",1,1,"2014-12-10 18:08:34","2016-05-03 09:15:11"
2128,"退耕还林",,2,"2015-03-25",1,1,"2014-12-10 18:08:34","2016-05-03 09:15:11"
2146,"百度",,1,"2015-01-13",1,1,"2014-12-10 18:08:34","2016-05-03 09:15:11"
2154,"北斗产业链","北斗是中国自主研发建设的重点航天工程，北斗卫星导航产业链一共有下面5个环节：1、卫星制造；2、卫星发射；3、配套地面设备建设；4、卫星导航应用；5、下游市场。而民营企业的重点发展领域在导航应用终端这个环节。",2,"2015-03-25",1,1,"2014-12-10 18:08:34","2016-05-03 09:15:11"
2155,"新疆兵团","新疆生产建设兵团是目前国内唯一的农垦系统，是现存的行政色彩最浓厚的党、政、军、企合一的特殊组织，新疆兵团改革既是兵团农垦系统去行政化的过程，同时也是国企改革的过程",2,"2015-03-25",1,1,"2014-12-10 18:08:34","2016-05-03 09:15:11"
2167,"体育产业",,1,"2016-03-19",1,1,"2014-12-10 18:08:34","2016-05-03 09:15:11"
2182,"物流板块",,2,"2015-03-25",1,1,"2014-12-10 18:08:34","2016-05-03 09:15:11"
2190,"手机",,2,"2015-03-25",1,1,"2014-12-10 18:08:34","2016-05-03 09:15:11"
2193,"预期高送转",,2,"2015-03-25",1,1,"2014-12-10 18:08:34","2016-05-03 09:15:11"
2198,"车载",,2,"2015-03-25",1,1,"2014-12-10 18:08:34","2016-05-03 09:15:11"
2202,"钛金属",,2,"2015-03-25",1,1,"2014-12-10 18:08:34","2016-05-03 09:15:11"
2209,"基因",,2,"2015-03-25",1,1,"2014-12-10 18:08:34","2016-05-03 09:15:11"
2218,"公交","来自申万行业分类",5,"2011-05-28",1,1,"2014-12-10 18:08:34","2016-05-03 09:15:11"
2229,"交通运输","来自申万行业分类",5,"2011-05-28",1,1,"2014-12-10 18:08:34","2016-05-03 09:15:11"
2230,"沪股通",,1,"2015-04-27",1,1,"2014-12-10 18:08:34","2016-05-03 09:15:11"
2240,"一路一带","“丝绸之路经济带”和“21世纪海上丝绸之路”的简称。“一带一路”不是一个实体和机制，而是合作发展的理念和倡议，是依靠中国与有关国家既有的双多边机制，借助既有的、行之有效的区域合作平台",2,"2015-03-25",1,1,"2014-12-10 18:08:34","2016-05-03 09:15:11"
2248,"大中国",,2,"2015-03-25",1,1,"2014-12-10 18:08:34","2016-05-03 09:15:11"
2249,"补涨",,2,"2015-03-25",1,1,"2014-12-10 18:08:34","2016-05-03 09:15:11"
2254,"基础设施",,2,"2015-03-25",1,1,"2014-12-10 18:08:34","2016-05-03 09:15:11"
2266,"丝路",,2,"2015-03-25",1,1,"2014-12-10 18:08:34","2016-05-03 09:15:11"
2274,"产业基金",,2,"2015-03-25",1,1,"2014-12-10 18:08:34","2016-05-03 09:15:11"
2276,"福建自贸",,2,"2015-03-25",1,1,"2014-12-10 18:08:34","2016-05-03 09:15:11"
2278,"中航",,2,"2015-03-25",1,1,"2014-12-10 18:08:34","2016-05-03 09:15:11"
2279,"借壳",,2,"2015-03-25",1,1,"2014-12-10 18:08:34","2016-05-03 09:15:11"
2283,"区域",,2,"2015-03-25",1,1,"2014-12-10 18:08:34","2016-05-03 09:15:11"
2292,"互联网大会",,2,"2015-03-25",1,1,"2014-12-10 18:08:34","2016-05-03 09:15:11"
2296,"房地产开发","来自申万行业分类",5,"2011-05-28",1,1,"2014-12-10 18:08:34","2016-05-03 09:15:11"
2300,"南沙","南沙区，广东省广州市市辖区。2013年广东省政府就南沙新区明确提出“启动申报自由贸易园区”计划",2,"2015-03-25",1,1,"2014-12-10 18:08:34","2016-05-03 09:15:11"
2303,"充电",,2,"2015-03-25",1,1,"2014-12-10 18:08:34","2016-05-03 09:15:11"
2305,"节能建筑",,2,"2015-03-25",1,1,"2014-12-10 18:08:34","2016-05-03 09:15:11"
2327,"参股银行",,1,"2016-03-26",1,1,"2014-12-10 18:08:34","2016-05-03 09:15:11"
2328,"天然气管网",,2,"2015-03-25",1,1,"2014-12-10 18:08:34","2016-05-03 09:15:11"
2329,"自主创新示范区",,2,"2015-03-25",1,1,"2014-12-10 18:09:51","2016-05-03 09:15:11"
2331,"食品",,2,"2015-03-25",1,1,"2014-12-16 10:41:07","2016-05-03 09:15:11"
2333,"建筑业",,2,"2015-03-25",1,1,"2014-12-16 10:41:07","2016-05-03 09:15:11"
2353,"陶瓷行业",,1,"2016-03-19",1,1,"2014-12-16 10:41:07","2016-05-03 09:15:11"
2358,"基因工程",,1,"2016-02-18",1,1,"2014-12-16 10:41:07","2016-05-03 09:15:11"
2360,"糖业",,1,"2016-02-27",1,1,"2014-12-16 10:41:07","2016-05-03 09:15:11"
2361,"糖尿病",,1,"2016-03-15",1,1,"2014-12-16 10:41:07","2016-05-03 09:15:11"
2368,"量子计算机",,1,"2016-03-27",1,1,"2014-12-16 10:41:07","2016-05-03 09:15:11"
2379,"分布式能源",,1,"2016-03-10",1,1,"2014-12-16 10:41:07","2016-05-03 09:15:11"
2407,"国产操作系统",,1,"2016-04-01",1,1,"2014-12-16 10:41:07","2016-05-03 09:15:12"
2409,"镓",,1,"2016-02-22",1,1,"2014-12-16 10:41:07","2016-05-03 09:15:12"
2422,"OLED",,1,"2016-02-22",1,1,"2014-12-16 10:41:07","2016-05-03 09:15:12"
2425,"制冷剂",,1,"2016-03-31",1,1,"2014-12-16 10:41:07","2016-05-03 09:15:12"
2436,"公路",,2,"2015-03-25",1,1,"2014-12-16 10:41:07","2016-05-03 09:15:12"
2439,"低估值",,2,"2015-03-25",1,1,"2014-12-16 10:41:07","2016-05-03 09:15:12"
2441,"采掘","来自申万行业分类",5,"2011-05-28",1,1,"2014-12-16 13:09:47","2016-05-03 09:15:12"
2443,"综合","来自申万行业分类",5,"2011-05-28",1,1,"2014-12-16 13:09:47","2016-05-03 09:15:12"
2449,"电子","来自申万行业分类",5,"2011-05-28",1,1,"2014-12-16 13:09:47","2016-05-03 09:15:12"
2451,"家用电器","来自申万行业分类",5,"2011-05-28",1,1,"2014-12-16 13:09:47","2016-05-03 09:15:12"
2452,"商业贸易","来自申万行业分类",5,"2011-05-28",1,1,"2014-12-16 13:09:47","2016-05-03 09:15:12"
2455,"种植业","来自申万行业分类",5,"2011-05-28",1,1,"2014-12-16 13:09:47","2016-05-03 09:15:12"
2457,"农业综合","来自申万行业分类",5,"2011-05-28",1,1,"2014-12-16 13:09:47","2016-05-03 09:15:12"
2458,"畜禽养殖","来自申万行业分类",5,"2011-05-28",1,1,"2014-12-16 13:09:47","2016-05-03 09:15:12"
2465,"石油化工","来自申万行业分类",5,"2011-05-28",1,1,"2014-12-16 13:09:47","2016-05-03 09:15:12"
2466,"化学原料","来自申万行业分类",5,"2011-05-28",1,1,"2014-12-16 13:09:47","2016-05-03 09:15:12"
2469,"塑料","来自申万行业分类",5,"2011-05-28",1,1,"2014-12-16 13:09:47","2016-05-03 09:15:12"
2471,"工业金属","来自申万行业分类",5,"2011-05-28",1,1,"2014-12-16 13:09:47","2016-05-03 09:15:12"
2472,"餐饮","来自申万行业分类",5,"2011-05-28",1,1,"2014-12-16 13:09:47","2016-05-03 09:15:12"
2479,"基础建设","来自申万行业分类",5,"2011-05-28",1,1,"2014-12-16 13:09:47","2016-05-03 09:15:12"
2480,"计算机应用","来自申万行业分类",5,"2011-05-28",1,1,"2014-12-16 13:09:47","2016-05-03 09:15:12"
2482,"电机","来自申万行业分类",5,"2011-05-28",1,1,"2014-12-16 13:09:47","2016-05-03 09:15:12"
2484,"汽车零部件","来自申万行业分类",5,"2011-05-28",1,1,"2014-12-16 13:09:47","2016-05-03 09:15:12"
2488,"通用设备","来自申万行业分类",5,"2014-08-31",1,1,"2014-12-16 13:09:47","2016-05-03 09:15:12"
2489,"化学制药","来自申万行业分类",5,"2011-05-28",1,1,"2014-12-16 13:09:47","2016-05-03 09:15:12"
2493,"航天装备","来自申万行业分类",5,"2011-05-28",1,1,"2014-12-16 13:09:47","2016-05-03 09:15:12"
2496,"船舶制造","来自申万行业分类",5,"2011-05-28",1,1,"2014-12-16 13:09:47","2016-05-03 09:15:12"
2497,"汽车整车","来自申万行业分类",5,"2011-05-28",1,1,"2014-12-16 13:09:47","2016-05-03 09:15:12"
2498,"互联网传媒","来自申万行业分类",5,"2011-05-28",1,1,"2014-12-16 13:09:47","2016-05-03 09:15:12"
2499,"汽车服务","来自申万行业分类",5,"2011-05-28",1,1,"2014-12-16 13:09:47","2016-05-03 09:15:12"
2502,"元件","来自申万行业分类",5,"2011-05-28",1,1,"2014-12-16 13:09:47","2016-05-03 09:15:12"
2504,"电子制造","来自申万行业分类",5,"2011-05-28",1,1,"2014-12-16 13:09:47","2016-05-03 09:15:12"
2509,"贸易","来自申万行业分类",5,"2011-05-28",1,1,"2014-12-16 13:09:47","2016-05-03 09:15:12"
2511,"造纸","来自申万行业分类",5,"2011-05-28",1,1,"2014-12-16 13:09:47","2016-05-03 09:15:12"
2518,"景点","来自申万行业分类",5,"2011-05-28",1,1,"2014-12-16 13:09:47","2016-05-03 09:15:12"
2520,"酒店","来自申万行业分类",5,"2011-05-28",1,1,"2014-12-16 13:09:47","2016-05-03 09:15:12"
2521,"计算机设备","来自申万行业分类",5,"2011-05-28",1,1,"2014-12-16 13:09:47","2016-05-03 09:15:12"
2522,"营销传媒","来自申万行业分类",5,"2014-08-31",1,1,"2014-12-16 13:09:47","2016-05-03 09:15:12"
2537,"农药","来自申万行业分类",5,"2011-05-28",1,1,"2014-12-16 13:09:47","2016-05-03 09:15:12"
2553,"普钢","来自申万行业分类",5,"2011-05-28",1,1,"2014-12-16 13:09:47","2016-05-03 09:15:12"
2556,"锂","来自申万行业分类",5,"2011-05-28",1,1,"2014-12-16 13:09:47","2016-05-03 09:15:12"
2566,"化学工程","来自申万行业分类",5,"2011-05-28",1,1,"2014-12-16 13:09:47","2016-05-03 09:15:12"
2574,"光伏设备","来自申万行业分类",5,"2011-05-28",1,1,"2014-12-16 13:09:47","2016-05-03 09:15:12"
2575,"风电设备","来自申万行业分类",5,"2011-05-28",1,1,"2014-12-16 13:09:47","2016-05-03 09:15:12"
2577,"火电设备","来自申万行业分类",5,"2011-05-28",1,1,"2014-12-16 13:09:47","2016-05-03 09:15:12"
2578,"储能设备","来自申万行业分类",5,"2011-05-28",1,1,"2014-12-16 13:09:47","2016-05-03 09:15:12"
2594,"环保设备","来自申万行业分类",5,"2011-05-28",1,1,"2014-12-16 13:09:47","2016-05-03 09:15:12"
2602,"半导体材料","来自申万行业分类",5,"2011-05-28",1,1,"2014-12-16 13:09:47","2016-05-03 09:15:12"
2612,"彩电","来自申万行业分类",5,"2011-05-28",1,1,"2014-12-16 13:09:47","2016-05-03 09:15:12"
2620,"棉纺","来自申万行业分类",5,"2011-05-28",1,1,"2014-12-16 13:09:47","2016-05-03 09:15:12"
2623,"辅料","来自申万行业分类",5,"2011-05-28",1,1,"2014-12-16 13:09:47","2016-05-03 09:15:12"
2635,"热电","来自申万行业分类",5,"2011-05-28",1,1,"2014-12-16 13:09:47","2016-05-03 09:15:12"
2637,"多业态零售","来自申万行业分类",5,"2011-05-28",1,1,"2014-12-16 13:09:47","2016-05-03 09:15:12"
2653,"上海国际金融中心建设",,1,"2016-02-23",1,1,"2014-12-10 18:09:46","2016-05-03 09:15:12"
2664,"硝化棉",,1,"2016-02-15",1,1,"2014-12-10 18:09:46","2016-05-03 09:15:12"
2683,"国际航空",,1,"2016-02-25",1,1,"2014-12-10 18:09:46","2016-05-03 09:15:13"
2684,"马铃薯",,1,"2016-03-26",1,1,"2014-12-10 18:09:46","2016-05-03 09:15:13"
2690,"创业板",,1,"2016-03-31",1,1,"2014-12-10 18:09:46","2016-05-03 09:15:13"
2708,"互联网大数据",,2,"2015-03-25",1,1,"2014-12-10 18:09:46","2016-05-03 09:15:13"
2709,"融合通信",,1,"2016-03-30",1,1,"2014-12-10 18:09:46","2016-05-03 09:15:13"
2711,"地产中介",,1,"2016-03-18",1,1,"2014-12-10 18:09:46","2016-05-03 09:15:13"
2725,"装饰园林",,1,"2014-11-24",1,1,"2014-12-10 18:09:46","2016-05-03 09:15:13"
2726,"毛纺织",,1,"2016-03-15",1,1,"2014-12-10 18:09:46","2016-05-03 09:15:13"
2744,"金融参股",,1,"2015-06-28",1,1,"2014-12-10 18:09:46","2016-05-03 09:15:13"
2749,"精选指数",,1,"2015-03-18",1,1,"2014-12-10 18:09:46","2016-05-03 09:15:13"
2757,"深圳本地",,1,"2015-12-02",1,1,"2014-12-10 18:09:46","2016-05-03 09:15:13"
2761,"超大盘",,1,"2015-03-19",1,1,"2014-12-10 18:09:46","2016-05-03 09:15:13"
2762,"基金重仓",,1,"2015-12-01",1,1,"2014-12-10 18:09:46","2016-05-03 09:15:13"
2770,"资产注入","资产注入通常是指上市公司的控股股东把自家的优质的资产注入到上市公司里面去，以有效改善上市公司的资产质量，进而提高上市公司的盈利能力与股价，从而达到控股股东与中小股东“双赢”的目的",1,"2015-12-01",1,1,"2014-12-10 18:09:46","2016-05-03 09:15:13"
2773,"溴素",,1,"2016-02-29",1,1,"2014-12-10 18:09:46","2016-05-03 09:15:13"
2780,"工业4.0板块",,2,"2015-03-25",1,1,"2014-12-10 18:09:46","2016-05-03 09:15:13"
2791,"3D打印",,1,"2016-03-31",1,1,"2014-12-10 18:09:46","2016-05-03 09:15:13"
2798,"甲型流感",,1,"2016-03-29",1,1,"2014-12-10 18:09:46","2016-05-03 09:15:13"
2800,"锂电池",,1,"2016-03-31",1,1,"2014-12-10 18:09:46","2016-05-03 09:15:13"
2802,"民营银行",,1,"2016-03-26",1,1,"2014-12-10 18:09:46","2016-05-03 09:15:13"
2808,"水域改革",,1,"2016-03-31",1,1,"2014-12-10 18:09:46","2016-05-03 09:15:13"
2809,"土地流转",,1,"2016-03-27",1,1,"2014-12-10 18:09:46","2016-05-03 09:15:13"
2810,"网络安全",,1,"2016-03-26",1,1,"2014-12-10 18:09:46","2016-05-03 09:15:13"
2811,"网络游戏",,1,"2016-03-23",1,1,"2014-12-10 18:09:46","2016-05-03 09:15:13"
2819,"互联网金融",,1,"2016-02-25",1,1,"2014-12-10 18:09:46","2016-05-03 09:15:13"
2820,"在线旅游","依托互联网，以满足旅游消费者信息查询、产品预定及服务评价为核心目的，囊括了包括航空公司、酒店、景区、租车公司、海内外旅游局等旅游服务供应商及搜索引擎、OTA、电信运营商、旅游资讯及社区网站等",1,"2016-03-05",1,1,"2014-12-10 18:09:46","2016-05-03 09:15:13"
2821,"食品安全",,1,"2016-03-22",1,1,"2014-12-10 18:09:46","2016-05-03 09:15:13"
2824,"丝绸之路",,1,"2016-03-09",1,1,"2014-12-10 18:09:46","2016-05-03 09:15:13"
2826,"特斯拉",,1,"2016-03-22",1,1,"2014-12-10 18:09:46","2016-05-03 09:15:13"
2828,"信息安全",,1,"2015-03-19",1,1,"2014-12-10 18:09:46","2016-05-03 09:15:13"
2829,"油气改革",,1,"2015-03-19",1,1,"2014-12-10 18:09:46","2016-05-03 09:15:13"
2835,"广东自贸",,1,"2015-03-19",1,1,"2014-12-10 18:09:46","2016-05-03 09:15:13"
2836,"上海自贸",,1,"2015-04-27",1,1,"2014-12-10 18:09:46","2016-05-03 09:15:13"
2839,"聚氨酯","来自申万行业分类",5,"2011-05-28",1,1,"2014-12-10 18:09:46","2016-05-03 09:15:13"
2840,"风沙治理",,1,"2015-03-19",1,1,"2014-12-10 18:09:46","2016-05-03 09:15:13"
2845,"智能交通",,1,"2016-02-27",1,1,"2014-12-10 18:09:46","2016-05-03 09:15:13"
2846,"安防服务",,1,"2015-03-19",1,1,"2014-12-10 18:09:46","2016-05-03 09:15:13"
2855,"节能环保",,1,"2016-03-30",1,1,"2014-12-10 18:09:46","2016-05-03 09:15:13"
2858,"自贸区",,1,"2015-03-19",1,1,"2014-12-10 18:09:46","2016-05-03 09:15:13"
2861,"金融改革",,1,"2016-02-13",1,1,"2014-12-10 18:09:46","2016-05-03 09:15:13"
2863,"海工装备",,1,"2016-04-01",1,1,"2014-12-10 18:09:46","2016-05-03 09:15:13"
2864,"太阳能",,1,"2016-02-29",1,1,"2014-12-10 18:09:46","2016-05-03 09:15:13"
2866,"水利建设",,1,"2015-12-02",1,1,"2014-12-10 18:09:46","2016-05-03 09:15:13"
2867,"核电核能",,1,"2016-02-20",1,1,"2014-12-10 18:09:46","2016-05-03 09:15:13"
2872,"参股金融",,1,"2015-06-28",1,1,"2014-12-10 18:09:46","2016-05-03 09:15:13"
2875,"军工航天",,1,"2015-03-19",1,1,"2014-12-10 18:09:46","2016-05-03 09:15:13"
2876,"迪士尼",,1,"2016-04-03",1,1,"2014-12-10 18:09:46","2016-05-03 09:15:13"
2878,"铁路基建",,1,"2016-03-11",1,1,"2014-12-10 18:09:46","2016-05-03 09:15:13"
2879,"新能源",,1,"2016-03-29",1,1,"2014-12-10 18:09:46","2016-05-03 09:15:13"
2885,"LED","来自申万行业分类",5,"2011-05-28",1,1,"2014-12-10 18:09:46","2016-05-03 09:15:13"
2887,"海洋经济",,1,"2016-04-03",1,1,"2014-12-10 18:09:46","2016-05-03 09:15:13"
2889,"化工原料",,1,"2015-03-20",1,1,"2014-12-10 18:09:46","2016-05-03 09:15:13"
2891,"煤化工",,1,"2016-04-01",1,1,"2014-12-10 18:09:46","2016-05-03 09:15:13"
2898,"新材料",,1,"2016-02-27",1,1,"2014-12-10 18:09:46","2016-05-03 09:15:13"
2903,"中字头",,1,"2016-02-25",1,1,"2014-12-10 18:09:46","2016-05-03 09:15:13"
2911,"国产软件",,1,"2016-03-25",1,1,"2014-12-10 18:09:46","2016-05-03 09:15:13"
2912,"小金属",,1,"2016-02-07",1,1,"2014-12-10 18:09:46","2016-05-03 09:15:13"
2923,"国企改革",,1,"2016-04-01",1,1,"2014-12-10 18:09:46","2016-05-03 09:15:13"
2930,"电力改革",,1,"2015-01-13",1,1,"2014-12-10 18:09:46","2016-05-03 09:15:14"
2933,"金砖银行","金砖银行",3,"2013-12-31",1,1,"2014-12-10 18:09:46","2016-05-03 09:15:14"
2936,"央企改革",,1,"2015-01-13",1,1,"2014-12-10 18:09:46","2016-05-03 09:15:14"
2938,"粤港澳","",3,"2014-07-30",1,1,"2014-12-10 18:09:46","2016-05-03 09:15:14"
2942,"泽熙系",,1,"2015-03-26",1,1,"2014-12-10 18:09:46","2016-05-03 09:15:14"
2946,"高标准农田建设",,1,"2016-02-29",1,1,"2014-12-10 18:09:46","2016-05-03 09:15:14"
2956,"煤制烯烃",,1,"2016-04-03",1,1,"2014-12-10 18:09:46","2016-05-03 09:15:14"
2962,"钛合金",,1,"2016-03-29",1,1,"2014-12-10 18:09:46","2016-05-03 09:15:14"
2971,"海外工程",,2,"2015-03-25",1,1,"2014-12-10 18:09:46","2016-05-03 09:15:14"
2975,"大蒜",,1,"2016-03-21",1,1,"2014-12-10 18:09:46","2016-05-03 09:15:14"
3005,"空气质量监测",,1,"2015-01-13",1,1,"2014-12-10 18:09:46","2016-05-03 09:15:14"
3008,"海洋旅游",,1,"2016-03-18",1,1,"2014-12-10 18:09:46","2016-05-03 09:15:14"
3020,"洗碗机",,1,"2016-03-30",1,1,"2014-12-10 18:09:46","2016-05-03 09:15:14"
3033,"征信",,1,"2016-03-22",1,1,"2014-12-10 18:09:46","2016-05-03 09:15:14"
4183,"新上海",,1,"2016-03-15",1,1,"2014-12-10 18:09:46","2016-05-03 09:15:14"
4187,"指数权重",,1,"2015-03-20",1,1,"2014-12-10 18:09:46","2016-05-03 09:15:14"
4207,"送转除权",,1,"2015-03-20",1,1,"2014-12-10 18:09:46","2016-05-03 09:15:14"
5012,"林业改革",,2,"2015-03-25",1,1,"2014-12-10 18:09:46","2016-05-03 09:15:14"
5053,"类稀土",,1,"2016-03-27",1,1,"2014-12-10 18:09:46","2016-05-03 09:15:14"
5103,"正负电子对撞机",,1,"2016-03-25",1,1,"2014-12-10 18:09:46","2016-05-03 09:15:14"
5118,"民办教育",,1,"2016-03-31",1,1,"2014-12-10 18:09:46","2016-05-03 09:15:14"
5133,"金纳米",,1,"2016-04-01",1,1,"2014-12-10 18:09:46","2016-05-03 09:15:14"
5144,"电子车牌",,1,"2016-03-31",1,1,"2014-12-10 18:09:46","2016-05-03 09:15:14"
5160,"浙江国企",,1,"2016-04-03",1,1,"2014-12-10 18:09:46","2016-05-03 09:15:14"
5262,"AR技术",,1,"2016-03-03",1,1,"2014-12-10 18:09:46","2016-05-03 09:15:15"
5279,"股神",,2,"2015-03-25",1,1,"2014-12-10 18:09:46","2016-05-03 09:15:15"
5281,"智能钢琴",,1,"2016-04-03",1,1,"2014-12-10 18:09:46","2016-05-03 09:15:15"
5282,"信息化",,1,"2016-03-05",1,1,"2014-12-10 18:09:46","2016-05-03 09:15:15"
5314,"农资电商",,1,"2016-03-02",1,1,"2014-12-10 18:09:46","2016-05-03 09:15:15"
5315,"填权",,1,"2015-01-13",1,1,"2014-12-10 18:09:46","2016-05-03 09:15:15"
5323,"数据存储",,1,"2016-03-27",1,1,"2014-12-10 18:09:46","2016-05-03 09:15:15"
5336,"智能表",,1,"2016-03-21",1,1,"2014-12-10 18:09:46","2016-05-03 09:15:15"
5344,"龙头股太阳能",,1,"2015-01-13",1,1,"2014-12-10 18:09:46","2016-05-03 09:15:15"
5352,"稀缺煤",,1,"2016-03-17",1,1,"2014-12-10 18:09:46","2016-05-03 09:15:15"
5387,"调味品",,1,"2016-03-23",1,1,"2014-12-10 18:09:46","2016-05-03 09:15:15"
5402,"分散染料",,1,"2016-03-23",1,1,"2014-12-10 18:09:46","2016-05-03 09:15:15"
5449,"维生素涨价",,1,"2015-01-13",1,1,"2014-12-10 18:09:46","2016-05-03 09:15:16"
5459,"贵金属",,1,"2016-03-12",1,1,"2014-12-10 18:09:46","2016-05-03 09:15:16"
5463,"元器件",,1,"2016-03-02",1,1,"2014-12-10 18:09:46","2016-05-03 09:15:16"
5512,"北京冬奥会",,1,"2016-03-22",1,1,"2014-12-10 18:09:46","2016-05-03 09:15:16"
5535,"壳资源",,1,"2016-03-25",1,1,"2014-12-10 18:09:46","2016-05-03 09:15:16"
5541,"鸡尾酒",,1,"2016-04-03",1,1,"2014-12-10 18:09:46","2016-05-03 09:15:16"
5550,"公路建设",,1,"2015-01-13",1,1,"2014-12-10 18:09:46","2016-05-03 09:15:16"
5568,"豆粕",,1,"2016-02-19",1,1,"2014-12-10 18:09:46","2016-05-03 09:15:16"
5569,"医保",,1,"2016-03-14",1,1,"2014-12-10 18:09:46","2016-05-03 09:15:16"
5571,"大上海",,1,"2016-03-26",1,1,"2014-12-10 18:09:46","2016-05-03 09:15:16"
5577,"好莱坞",,1,"2016-03-22",1,1,"2014-12-10 18:09:46","2016-05-03 09:15:16"
5613,"钨价上涨",,1,"2015-01-13",1,1,"2014-12-10 18:09:46","2016-05-03 09:15:16"
5628,"机床制造",,1,"2015-01-13",1,1,"2014-12-10 18:09:46","2016-05-03 09:15:16"
5668,"油价上调",,1,"2016-02-23",1,1,"2014-12-10 18:09:46","2016-05-03 09:15:16"
5669,"燃油",,1,"2016-02-25",1,1,"2014-12-10 18:09:46","2016-05-03 09:15:16"
5682,"国足",,2,"2015-03-25",1,1,"2014-12-10 18:09:46","2016-05-03 09:15:16"
5696,"四大行",,1,"2015-01-13",1,1,"2014-12-10 18:09:46","2016-05-03 09:15:16"
5704,"业绩预增",,2,"2015-03-25",1,1,"2014-12-10 18:09:46","2016-05-03 09:15:16"
5740,"央企",,2,"2015-03-25",1,1,"2014-12-10 18:09:46","2016-05-03 09:15:17"
5743,"药店",,1,"2016-02-17",1,1,"2014-12-10 18:09:46","2016-05-03 09:15:17"
5744,"服务外包",,2,"2015-03-25",1,1,"2014-12-10 18:09:46","2016-05-03 09:15:17"
119832,"3G",,1,"2016-01-30",1,1,"2014-12-10 18:09:46","2016-05-03 09:15:17"
119837,"4G板块",,2,"2015-03-25",1,1,"2014-12-10 18:09:46","2016-05-03 09:15:17"
119853,"iPhone5",,2,"2015-03-25",1,1,"2014-12-10 18:09:46","2016-05-03 09:15:17"
119863,"LED照明",,1,"2016-02-23",1,1,"2014-12-10 18:09:46","2016-05-03 09:15:17"
119866,"LED行业",,2,"2015-03-25",1,1,"2014-12-10 18:09:46","2016-05-03 09:15:17"
119869,"NFC支付",,2,"2015-03-25",1,1,"2014-12-10 18:09:46","2016-05-03 09:15:17"
119872,"OTT",,1,"2016-03-15",1,1,"2014-12-10 18:09:46","2016-05-03 09:15:17"
119873,"P2P网贷",,1,"2015-01-13",1,1,"2014-12-10 18:09:46","2016-05-03 09:15:17"
119876,"PVC",,1,"2015-01-13",1,1,"2014-12-10 18:09:46","2016-05-03 09:15:17"
119886,"WIFI",,1,"2016-03-31",1,1,"2014-12-10 18:09:46","2016-05-03 09:15:17"
119889,"丁二烯",,1,"2016-03-29",1,1,"2014-12-10 18:09:46","2016-05-03 09:15:17"
119893,"三季报",,2,"2015-03-25",1,1,"2014-12-10 18:09:46","2016-05-03 09:15:17"
119895,"三星手机",,1,"2016-02-22",1,1,"2014-12-10 18:09:46","2016-05-03 09:15:17"
119896,"三沙",,1,"2016-03-12",1,1,"2014-12-10 18:09:46","2016-05-03 09:15:17"
119904,"上海金融创新",,1,"2016-02-25",1,1,"2014-12-10 18:09:46","2016-05-03 09:15:17"
119905,"专业工程","来自申万行业分类",5,"2011-05-28",1,1,"2014-12-10 18:09:46","2016-05-03 09:15:17"
119912,"东北振兴",,2,"2015-03-25",1,1,"2014-12-10 18:09:46","2016-05-03 09:15:17"
119914,"东盟","东南亚国家联盟(Association of Southeast Asian Nations)，简称东盟(ASEAN)。成员国有印度尼西亚、马来西亚、菲律宾、新加坡、泰国、文莱、越南、老挝、缅甸和柬埔寨",2,"2015-03-25",1,1,"2014-12-10 18:09:46","2016-05-03 09:15:17"
119916,"两会",,1,"2016-02-25",1,1,"2014-12-10 18:09:46","2016-05-03 09:15:17"
119919,"两桶油改革",,1,"2015-06-23",1,1,"2014-12-10 18:09:46","2016-05-03 09:15:17"
119921,"中医",,2,"2015-03-25",1,1,"2014-12-10 18:09:46","2016-05-03 09:15:17"
119922,"中医药",,1,"2016-02-20",1,1,"2014-12-10 18:09:46","2016-05-03 09:15:17"
119924,"中国特斯拉",,2,"2015-03-25",1,1,"2014-12-10 18:09:46","2016-05-03 09:15:17"
119927,"中报",,2,"2015-03-25",1,1,"2014-12-10 18:09:46","2016-05-03 09:15:17"
119928,"中报预增",,2,"2015-03-25",1,1,"2014-12-10 18:09:46","2016-05-03 09:15:17"
119929,"中报高送转",,2,"2015-03-25",1,1,"2014-12-10 18:09:46","2016-05-03 09:15:17"
119933,"中澳自贸",,2,"2015-03-25",1,1,"2014-12-10 18:09:46","2016-05-03 09:15:17"
119938,"中证500",,1,"2016-02-08",1,1,"2014-12-10 18:09:46","2016-05-03 09:15:17"
119942,"乙二醇",,1,"2016-03-09",1,1,"2014-12-10 18:09:46","2016-05-03 09:15:17"
119943,"乙肝",,2,"2015-03-25",1,1,"2014-12-10 18:09:46","2016-05-03 09:15:17"
119946,"乳品","来自申万行业分类",5,"2011-05-28",1,1,"2014-12-10 18:09:46","2016-05-03 09:15:17"
119947,"二套房贷",,2,"2015-03-25",1,1,"2014-12-10 18:09:46","2016-05-03 09:15:17"
119948,"二孩",,2,"2015-03-25",1,1,"2014-12-10 18:09:46","2016-05-03 09:15:17"
119949,"二手车",,1,"2016-03-31",1,1,"2014-12-10 18:09:46","2016-05-03 09:15:17"
119952,"二胎",,1,"2016-03-31",1,1,"2014-12-10 18:09:46","2016-05-03 09:15:17"
119955,"云服务",,1,"2016-03-26",1,1,"2014-12-10 18:09:46","2016-05-03 09:15:17"
119956,"云计算机",,2,"2015-03-25",1,1,"2014-12-10 18:09:46","2016-05-03 09:15:17"
119959,"互联网保险",,1,"2016-03-12",1,1,"2014-12-10 18:09:46","2016-05-03 09:15:17"
119961,"互联网电视",,1,"2016-02-22",1,1,"2014-12-10 18:09:46","2016-05-03 09:15:17"
119964,"产业互联网",,2,"2015-03-25",1,1,"2014-12-10 18:09:46","2016-05-03 09:15:17"
119968,"人工角膜",,1,"2016-03-31",1,1,"2014-12-10 18:09:46","2016-05-03 09:15:17"
119971,"人脸识别",,1,"2016-04-01",1,1,"2014-12-10 18:09:46","2016-05-03 09:15:17"
119975,"伟哥",,2,"2015-03-25",1,1,"2014-12-10 18:09:46","2016-05-03 09:15:17"
119979,"低碳",,1,"2016-03-07",1,1,"2014-12-10 18:09:46","2016-05-03 09:15:17"
119983,"体外诊断",,1,"2016-03-12",1,1,"2014-12-10 18:09:46","2016-05-03 09:15:17"
119984,"体育文化",,1,"2014-11-29",1,1,"2014-12-10 18:09:46","2016-05-03 09:15:17"
119990,"保定",,2,"2015-03-25",1,1,"2014-12-10 18:09:46","2016-05-03 09:15:17"
119992,"信息消费",,2,"2015-03-25",1,1,"2014-12-10 18:09:46","2016-05-03 09:15:17"
119993,"假日",,1,"2015-01-13",1,1,"2014-12-10 18:09:46","2016-05-03 09:15:17"
119994,"健康服务",,2,"2015-03-25",1,1,"2014-12-10 18:09:46","2016-05-03 09:15:17"
119995,"储能",,1,"2016-04-01",1,1,"2014-12-10 18:09:46","2016-05-03 09:15:17"
119999,"光热",,1,"2015-01-13",1,1,"2014-12-10 18:09:46","2016-05-03 09:15:17"
120001,"光纤","未来传输网络的最终目标，是构建全光网络，即在接入网、城域网、骨干网完全实现“光纤传输代替铜线传输”",1,"2016-03-23",1,1,"2014-12-10 18:09:46","2016-05-03 09:15:17"
120002,"光通信","光通信就是以光波为载波的通信方式。未来传输网络的最终目标，是构建全光网络，即在接入网、城域网、骨干网完全实现“光纤传输代替铜线传输”",1,"2016-03-23",1,1,"2014-12-10 18:09:46","2016-05-03 09:15:17"
120005,"免疫治疗",,1,"2015-11-19",1,1,"2014-12-10 18:09:46","2016-05-03 09:15:17"
120007,"全息",,2,"2015-03-25",1,1,"2014-12-10 18:09:46","2016-05-03 09:15:17"
120011,"公立医院改革",,2,"2015-03-25",1,1,"2014-12-10 18:09:46","2016-05-03 09:15:17"
120013,"养殖业",,2,"2015-03-25",1,1,"2014-12-10 18:09:46","2016-05-03 09:15:17"
120016,"养老服务","随着国家加强养老服务业的政策支持力度，财政、金融、用地、税费、人才、技术及服务等相关配套政策有望逐一完善落实，这将直接拉动养老相关行业，带动养老医疗、家庭用品、养老地产及养老服务等领域的发展",2,"2015-03-25",1,1,"2014-12-10 18:09:46","2016-05-03 09:15:17"
120020,"内燃机","来自申万行业分类",5,"2011-05-28",1,1,"2014-12-10 18:09:46","2016-05-03 09:15:17"
120021,"再生资源",,1,"2016-03-31",1,1,"2014-12-10 18:09:46","2016-05-03 09:15:17"
120023,"军民融合",,1,"2016-03-25",1,1,"2014-12-10 18:09:46","2016-05-03 09:15:17"
120027,"农场",,2,"2015-03-25",1,1,"2014-12-10 18:09:46","2016-05-03 09:15:17"
120031,"农村金融",,1,"2016-03-21",1,1,"2014-12-10 18:09:46","2016-05-03 09:15:17"
120033,"冬奥会",,1,"2016-03-10",1,1,"2014-12-10 18:09:46","2016-05-03 09:15:17"
120034,"冬虫夏草",,1,"2016-03-25",1,1,"2014-12-10 18:09:46","2016-05-03 09:15:17"
120035,"冰箱","来自申万行业分类",5,"2011-05-28",1,1,"2014-12-10 18:09:46","2016-05-03 09:15:17"
120036,"冷链","冷链物流泛指冷藏冷冻类食品在生产、贮藏运输、销售，到消费前的各个环节中始终处于规定的低温环境下，以保证食品质量，减少食品损耗的一项系统工程。",2,"2015-03-25",1,1,"2014-12-10 18:09:46","2016-05-03 09:15:17"
120038,"凉茶",,1,"2016-03-29",1,1,"2014-12-10 18:09:46","2016-05-03 09:15:17"
120040,"出租车",,2,"2015-03-25",1,1,"2014-12-10 18:09:46","2016-05-03 09:15:17"
120041,"分布式","分布式网络存储系统采用可扩展的系统结构，利用多台存储服务器分担存储负荷，利用位置服务器定位存储信息，不但解决了传统集中式存储系统中单存储服务器的瓶颈问题，还提高了系统的可靠性、可用性和扩展性。",2,"2015-03-25",1,1,"2014-12-10 18:09:46","2016-05-03 09:15:17"
120043,"制造业转型",,2,"2015-03-25",1,1,"2014-12-10 18:09:46","2016-05-03 09:15:17"
120045,"券商重仓",,1,"2015-04-27",1,1,"2014-12-10 18:09:46","2016-05-03 09:15:17"
120048,"包子",,1,"2016-02-08",1,1,"2014-12-10 18:09:46","2016-05-03 09:15:17"
120049,"包装印刷","来自申万行业分类",5,"2011-05-28",1,1,"2014-12-10 18:09:46","2016-05-03 09:15:17"
120050,"化妆品",,1,"2016-03-23",1,1,"2014-12-10 18:09:46","2016-05-03 09:15:17"
120054,"北部湾",,1,"2016-03-21",1,1,"2014-12-10 18:09:46","2016-05-03 09:15:18"
120055,"区域经济",,2,"2015-03-25",1,1,"2014-12-10 18:09:46","2016-05-03 09:15:18"
120057,"医改",,2,"2015-03-25",1,1,"2014-12-10 18:09:46","2016-05-03 09:15:18"
120058,"医疗保健",,2,"2015-03-25",1,1,"2014-12-10 18:09:46","2016-05-03 09:15:18"
120064,"医药生物","来自申万行业分类",5,"2011-05-28",1,1,"2014-12-10 18:09:46","2016-05-03 09:15:18"
120069,"南海",,1,"2016-03-30",1,1,"2014-12-10 18:09:46","2016-05-03 09:15:18"
120070,"博彩",,1,"2016-02-15",1,1,"2014-12-10 18:09:46","2016-05-03 09:15:18"
120072,"博鳌",,1,"2016-04-03",1,1,"2014-12-10 18:09:46","2016-05-03 09:15:18"
120075,"印刷",,1,"2016-03-10",1,1,"2014-12-10 18:09:46","2016-05-03 09:15:18"
120077,"印染","来自申万行业分类",5,"2011-05-28",1,1,"2014-12-10 18:09:46","2016-05-03 09:15:18"
120079,"厄尔尼诺",,1,"2016-02-13",1,1,"2014-12-10 18:09:46","2016-05-03 09:15:18"
120080,"厦门自贸区",,1,"2016-03-31",1,1,"2014-12-10 18:09:46","2016-05-03 09:15:18"
120086,"反恐",,2,"2015-03-25",1,1,"2014-12-10 18:09:46","2016-05-03 09:15:18"
120090,"可燃冰",,1,"2016-03-31",1,1,"2014-12-10 18:09:46","2016-05-03 09:15:18"
120101,"啤酒","来自申万行业分类",5,"2011-05-28",1,1,"2014-12-10 18:09:46","2016-05-03 09:15:18"
120109,"国企改制",,2,"2015-03-25",1,1,"2014-12-10 18:09:46","2016-05-03 09:15:18"
120110,"国企重组",,2,"2015-03-25",1,1,"2014-12-10 18:09:46","2016-05-03 09:15:18"
120111,"国债期货",,1,"2016-04-03",1,1,"2014-12-10 18:09:46","2016-05-03 09:15:18"
120113,"国安",,2,"2015-03-25",1,1,"2014-12-10 18:09:46","2016-05-03 09:15:18"
120118,"国资重组",,2,"2015-03-25",1,1,"2014-12-10 18:09:46","2016-05-03 09:15:18"
120120,"国际贸易",,1,"2016-02-13",1,1,"2014-12-10 18:09:46","2016-05-03 09:15:18"
120121,"土壤修复","土壤修复是指利用物理、化学和生物的方法转移、吸收、降解和转化土壤中的污染物，使其浓度降低到可接受水平，或将有毒有害的污染物转化为无害的物质。",2,"2015-03-25",1,1,"2014-12-10 18:09:46","2016-05-03 09:15:18"
120125,"地图",,2,"2015-03-25",1,1,"2014-12-10 18:09:46","2016-05-03 09:15:18"
120130,"地铁",,1,"2016-03-02",1,1,"2014-12-10 18:09:46","2016-05-03 09:15:18"
120140,"城轨",,1,"2016-02-17",1,1,"2014-12-10 18:09:46","2016-05-03 09:15:18"
120141,"基因检测","基因检测是通过血液、其他体液或细胞对DNA进行检测的技术，通过特定设备对被检测者细胞中的DNA分子信息作检测，可以诊断疾病，也可以用于疾病风险的预测。",2,"2015-03-25",1,1,"2014-12-10 18:09:46","2016-05-03 09:15:18"
120143,"基因测序板块",,2,"2015-03-25",1,1,"2014-12-10 18:09:46","2016-05-03 09:15:18"
120146,"外贸",,1,"2016-04-01",1,1,"2014-12-10 18:09:46","2016-05-03 09:15:18"
120147,"多晶硅",,1,"2016-03-21",1,1,"2014-12-10 18:09:46","2016-05-03 09:15:18"
120149,"大数据",,1,"2016-04-01",1,1,"2014-12-10 18:09:46","2016-05-03 09:15:18"
120151,"大气污染",,2,"2015-03-25",1,1,"2014-12-10 18:09:46","2016-05-03 09:15:18"
120155,"大飞机",,1,"2016-03-21",1,1,"2014-12-10 18:09:46","2016-05-03 09:15:18"
120161,"太阳能电池",,1,"2016-03-31",1,1,"2014-12-10 18:09:46","2016-05-03 09:15:18"
120163,"奢侈品",,1,"2016-03-31",1,1,"2014-12-10 18:09:46","2016-05-03 09:15:18"
120164,"奥运",,2,"2015-03-25",1,1,"2014-12-10 18:09:46","2016-05-03 09:15:18"
120165,"女装","来自申万行业分类",5,"2011-05-28",1,1,"2014-12-10 18:09:46","2016-05-03 09:15:18"
120167,"奶粉",,1,"2016-03-31",1,1,"2014-12-10 18:09:46","2016-05-03 09:15:18"
120171,"婴童","婴童用品行业是指以0至12岁婴幼儿及产妇、孕妇为主体需求及导向的产业，其产品及服务主要包括孕婴童食品、哺育用品、洗护用品、婴童玩具、孕婴童服装、婴儿车、婴儿床等。",2,"2015-03-25",1,1,"2014-12-10 18:09:46","2016-05-03 09:15:18"
120174,"安防",,1,"2016-03-23",1,1,"2014-12-10 18:09:46","2016-05-03 09:15:18"
120175,"宝宝",,2,"2015-03-25",1,1,"2014-12-10 18:09:46","2016-05-03 09:15:18"
120179,"家纺","来自申万行业分类",5,"2011-05-28",1,1,"2014-12-10 18:09:46","2016-05-03 09:15:18"
120181,"宽带提速",,1,"2015-03-19",1,1,"2014-12-10 18:09:46","2016-05-03 09:15:18"
120183,"小家电","来自申万行业分类",5,"2011-05-28",1,1,"2014-12-10 18:09:46","2016-05-03 09:15:18"
120185,"小麦",,1,"2016-03-17",1,1,"2014-12-10 18:09:46","2016-05-03 09:15:18"
120186,"尿素",,1,"2016-02-22",1,1,"2014-12-10 18:09:46","2016-05-03 09:15:18"
120189,"幕墙",,2,"2015-03-25",1,1,"2014-12-10 18:09:46","2016-05-03 09:15:18"
120191,"年报",,2,"2015-03-25",1,1,"2014-12-10 18:09:46","2016-05-03 09:15:18"
120192,"年报预增",,2,"2015-03-25",1,1,"2014-12-10 18:09:46","2016-05-03 09:15:18"
120193,"并购预期",,2,"2015-03-25",1,1,"2014-12-10 18:09:46","2016-05-03 09:15:18"
120196,"广交会",,1,"2016-03-17",1,1,"2014-12-10 18:09:46","2016-05-03 09:15:18"
120197,"广电",,2,"2015-03-25",1,1,"2014-12-10 18:09:46","2016-05-03 09:15:18"
120198,"建筑节能",,1,"2016-03-14",1,1,"2014-12-10 18:09:46","2016-05-03 09:15:18"
120199,"建筑装饰","来自申万行业分类",5,"2011-05-28",1,1,"2014-12-10 18:09:46","2016-05-03 09:15:18"
120206,"微电子",,1,"2016-03-31",1,1,"2014-12-10 18:09:46","2016-05-03 09:15:18"
120212,"打假",,2,"2015-03-25",1,1,"2014-12-10 18:09:46","2016-05-03 09:15:18"
120213,"打印",,2,"2015-03-25",1,1,"2014-12-10 18:09:46","2016-05-03 09:15:18"
120221,"振兴东北",,1,"2016-02-27",1,1,"2014-12-10 18:09:46","2016-05-03 09:15:18"
120222,"探月工程",,1,"2016-03-12",1,1,"2014-12-10 18:09:46","2016-05-03 09:15:18"
120223,"摘帽","撤销特别处理的股票代码前不再有ST标记，俗称“摘帽”",2,"2015-03-25",1,1,"2014-12-10 18:09:46","2016-05-03 09:15:18"
120227,"救灾",,1,"2016-03-26",1,1,"2014-12-10 18:09:46","2016-05-03 09:15:18"
120231,"文化创意",,1,"2016-02-13",1,1,"2014-12-10 18:09:46","2016-05-03 09:15:18"
120239,"新消费",,2,"2015-03-25",1,1,"2014-12-10 18:09:46","2016-05-03 09:15:18"
120240,"新疆发展",,1,"2016-02-29",1,1,"2014-12-10 18:09:46","2016-05-03 09:15:18"
120252,"无人驾驶汽车",,2,"2015-03-25",1,1,"2014-12-10 18:09:46","2016-05-03 09:15:19"
120254,"明胶",,2,"2015-03-25",1,1,"2014-12-10 18:09:46","2016-05-03 09:15:19"
120262,"智慧教育",,1,"2016-04-01",1,1,"2014-12-10 18:09:46","2016-05-03 09:15:19"
120264,"智能传感器",,2,"2015-03-25",1,1,"2014-12-10 18:09:46","2016-05-03 09:15:19"
120265,"智能制造",,2,"2015-03-25",1,1,"2014-12-10 18:09:46","2016-05-03 09:15:19"
120269,"智能安防","智能化安防技术的主要内涵是其相关内容和服务的信息化、图象的传输和存储、数据的存储和处理等等。就智能化安防来说，一个完整的智能化安防系统主要包括门禁、报警和监控三大部分。",1,"2015-01-13",1,1,"2014-12-10 18:09:46","2016-05-03 09:15:19"
120271,"智能机器",,1,"2016-03-28",1,1,"2014-12-10 18:09:46","2016-05-03 09:15:19"
120277,"智能设备",,2,"2015-03-25",1,1,"2014-12-10 18:09:46","2016-05-03 09:15:19"
120278,"暴雨",,2,"2015-03-25",1,1,"2014-12-10 18:09:46","2016-05-03 09:15:19"
120280,"有机硅",,1,"2016-02-20",1,1,"2014-12-10 18:09:46","2016-05-03 09:15:19"
120281,"有轨电车",,1,"2016-03-23",1,1,"2014-12-10 18:09:46","2016-05-03 09:15:19"
120286,"机械设备","来自申万行业分类",5,"2011-05-28",1,1,"2014-12-10 18:09:46","2016-05-03 09:15:19"
120292,"柴油发动机",,1,"2016-03-21",1,1,"2014-12-10 18:09:46","2016-05-03 09:15:19"
120298,"棉花",,1,"2016-03-23",1,1,"2014-12-10 18:09:46","2016-05-03 09:15:19"
120301,"棚改","棚户区改造是我国政府为改造城镇危旧住房、改善困难家庭住房条件而推出的一项民心工程",2,"2015-03-25",1,1,"2014-12-10 18:09:46","2016-05-03 09:15:19"
120304,"殡葬",,1,"2016-03-28",1,1,"2014-12-10 18:09:46","2016-05-03 09:15:19"
120307,"民参军","民用资本参股军工企业",2,"2015-03-25",1,1,"2014-12-10 18:09:46","2016-05-03 09:15:19"
120317,"氢燃料",,1,"2015-03-19",1,1,"2014-12-10 18:09:46","2016-05-03 09:15:19"
120318,"氢燃料电池",,1,"2016-03-10",1,1,"2014-12-10 18:09:46","2016-05-03 09:15:19"
120324,"水污染防治",,2,"2015-03-25",1,1,"2014-12-10 18:09:46","2016-05-03 09:15:19"
120325,"水泵",,2,"2015-03-25",1,1,"2014-12-10 18:09:46","2016-05-03 09:15:19"
120329,"汽车电子",,1,"2016-03-14",1,1,"2014-12-10 18:09:46","2016-05-03 09:15:19"
120332,"沥青",,1,"2016-04-03",1,1,"2014-12-10 18:09:46","2016-05-03 09:15:19"
120349,"流转",,2,"2015-03-25",1,1,"2014-12-10 18:09:46","2016-05-03 09:15:19"
120354,"海岛",,1,"2015-01-13",1,1,"2014-12-10 18:09:46","2016-05-03 09:15:19"
120355,"海峡西岸",,1,"2016-03-23",1,1,"2014-12-10 18:09:46","2016-05-03 09:15:19"
120358,"海洋工程",,1,"2016-03-14",1,1,"2014-12-10 18:09:46","2016-05-03 09:15:19"
120360,"海西",,1,"2016-02-15",1,1,"2014-12-10 18:09:46","2016-05-03 09:15:19"
120362,"涉农",,2,"2015-03-25",1,1,"2014-12-10 18:09:46","2016-05-03 09:15:19"
120365,"液态金属",,1,"2016-04-03",1,1,"2014-12-10 18:09:46","2016-05-03 09:15:19"
120367,"淘宝",,1,"2016-03-26",1,1,"2014-12-10 18:09:46","2016-05-03 09:15:19"
120369,"深圳国资改革",,2,"2015-03-25",1,1,"2014-12-10 18:09:46","2016-05-03 09:15:19"
120370,"深港通",,1,"2016-02-13",1,1,"2014-12-10 18:09:46","2016-05-03 09:15:19"
120372,"渔业","来自申万行业分类",5,"2011-05-28",1,1,"2014-12-10 18:09:46","2016-05-03 09:15:19"
120375,"激光",,1,"2016-03-18",1,1,"2014-12-10 18:09:46","2016-05-03 09:15:19"
120377,"炭黑","来自申万行业分类",5,"2011-05-28",1,1,"2014-12-10 18:09:46","2016-05-03 09:15:19"
120378,"烧碱",,1,"2016-02-23",1,1,"2014-12-10 18:09:46","2016-05-03 09:15:19"
120379,"热能","地热能是由地壳抽取的天然热能，作为可再生清洁能源，地热能将纳入“十二五”能源规划。除地源热泵设备制造和销售行业会进一步发展外，有关地热利用的能源服务产业也会获得长足发展。",2,"2015-03-25",1,1,"2014-12-10 18:09:46","2016-05-03 09:15:19"
120381,"焦煤","在中国煤炭分类国家标准中，是对煤化度较高，结焦性好的烟煤的称谓。又称主焦煤。",1,"2016-04-03",1,1,"2014-12-10 18:09:46","2016-05-03 09:15:19"
120385,"煤层气",,1,"2016-02-20",1,1,"2014-12-10 18:09:46","2016-05-03 09:15:19"
120388,"煤炭银行","由国内煤炭企业联合筹建，依托中国金融改革的政策东风而发起设立的国内乃至世界第一家以煤炭能源为核心的银行，覆盖整个煤炭产业链",2,"2015-03-25",1,1,"2014-12-10 18:09:46","2016-05-03 09:15:19"
120390,"燃料电池",,1,"2015-03-20",1,1,"2014-12-10 18:09:46","2016-05-03 09:15:19"
120392,"牙膏",,1,"2016-02-18",1,1,"2014-12-10 18:09:46","2016-05-03 09:15:19"
120393,"牛肉",,1,"2016-02-18",1,1,"2014-12-10 18:09:46","2016-05-03 09:15:19"
120395,"特斯拉电池",,2,"2015-03-25",1,1,"2014-12-10 18:09:46","2016-05-03 09:15:19"
120399,"猪肉",,1,"2016-03-31",1,1,"2014-12-10 18:09:46","2016-05-03 09:15:19"
120401,"王亚伟",,2,"2015-03-25",1,1,"2014-12-10 18:09:46","2016-05-03 09:15:19"
120403,"环境监测",,1,"2016-03-15",1,1,"2014-12-10 18:09:46","2016-05-03 09:15:19"
120407,"玻纤","来自申万行业分类",5,"2011-05-28",1,1,"2014-12-10 18:09:46","2016-05-03 09:15:19"
120408,"珠三角",,1,"2016-02-25",1,1,"2014-12-10 18:09:46","2016-05-03 09:15:19"
120412,"生态保护",,1,"2016-03-03",1,1,"2014-12-10 18:09:46","2016-05-03 09:15:19"
120414,"生态农业",,1,"2016-02-20",1,1,"2014-12-10 18:09:46","2016-05-03 09:15:19"
120415,"生态文明",,2,"2015-03-25",1,1,"2014-12-10 18:09:46","2016-05-03 09:15:19"
120416,"生态文明建设",,1,"2016-02-25",1,1,"2014-12-10 18:09:46","2016-05-03 09:15:19"
120419,"生物医药",,1,"2016-03-27",1,1,"2014-12-10 18:09:46","2016-05-03 09:15:19"
120420,"生物医药产业","由生物技术产业与医药产业共同组成，国家“十二五规划” 确定了生物医药发展的重点，包括基因药物、蛋白药物、单抗克隆药物、治疗性疫苗、小分子化学药物等",2,"2015-03-25",1,1,"2014-12-10 18:09:46","2016-05-03 09:15:19"
120421,"生物疫苗",,1,"2016-03-18",1,1,"2014-12-10 18:09:46","2016-05-03 09:15:19"
120422,"生物识别","通过计算机与光学、声学、生物传感器和生物统计学原理等高科技手段密切结合，利用人体固有的生理特性，（如指纹、脸象、虹膜等）和行为特征（如笔迹、声音、步态等）来进行个人身份的鉴定",2,"2015-03-25",1,1,"2014-12-10 18:09:46","2016-05-03 09:15:19"
120426,"生猪",,2,"2015-03-25",1,1,"2014-12-10 18:09:46","2016-05-03 09:15:19"
120433,"电子信息",,1,"2016-03-18",1,1,"2014-12-10 18:09:46","2016-05-03 09:15:19"
120438,"电气设备","来自申万行业分类",5,"2011-05-28",1,1,"2014-12-10 18:09:46","2016-05-03 09:15:19"
120440,"电石",,1,"2016-03-23",1,1,"2014-12-10 18:09:46","2016-05-03 09:15:19"
120445,"电解铝",,1,"2016-04-03",1,1,"2014-12-10 18:09:46","2016-05-03 09:15:20"
120446,"男装","来自申万行业分类",5,"2011-05-28",1,1,"2014-12-10 18:09:46","2016-05-03 09:15:20"
120447,"畜牧",,2,"2015-03-25",1,1,"2014-12-10 18:09:46","2016-05-03 09:15:20"
120448,"畜牧业",,1,"2016-02-29",1,1,"2014-12-10 18:09:46","2016-05-03 09:15:20"
120449,"畜禽",,2,"2015-03-25",1,1,"2014-12-10 18:09:46","2016-05-03 09:15:20"
120451,"疫情",,2,"2015-03-25",1,1,"2014-12-10 18:09:46","2016-05-03 09:15:20"
120455,"百货","来自申万行业分类",5,"2011-05-28",1,1,"2014-12-10 18:09:46","2016-05-03 09:15:20"
120458,"盐化工",,1,"2016-02-17",1,1,"2014-12-10 18:09:46","2016-05-03 09:15:20"
120460,"盐酸",,1,"2016-02-17",1,1,"2014-12-10 18:09:46","2016-05-03 09:15:20"
120461,"直升机","低空开放政策撬动民用直升机广阔的市场前景",2,"2015-03-25",1,1,"2014-12-10 18:09:46","2016-05-03 09:15:20"
120464,"石墨",,2,"2015-03-25",1,1,"2014-12-10 18:09:46","2016-05-03 09:15:20"
120472,"碳交易",,1,"2016-03-23",1,1,"2014-12-10 18:09:46","2016-05-03 09:15:20"
120478,"社保重仓",,1,"2016-02-13",1,1,"2014-12-10 18:09:46","2016-05-03 09:15:20"
120483,"科技创新",,2,"2015-03-25",1,1,"2014-12-10 18:09:46","2016-05-03 09:15:20"
120485,"租车",,1,"2016-03-19",1,1,"2014-12-10 18:09:46","2016-05-03 09:15:20"
120488,"移动游戏",,2,"2015-03-25",1,1,"2014-12-10 18:09:46","2016-05-03 09:15:20"
120491,"稀有金属","来自申万行业分类",5,"2011-05-28",1,1,"2014-12-10 18:09:46","2016-05-03 09:15:20"
120492,"稀缺股",,2,"2015-03-25",1,1,"2014-12-10 18:09:46","2016-05-03 09:15:20"
120502,"类银行",,2,"2015-03-25",1,1,"2014-12-10 18:09:46","2016-05-03 09:15:20"
120503,"粘胶","来自申万行业分类",5,"2011-05-28",1,1,"2014-12-10 18:09:46","2016-05-03 09:15:20"
120504,"粘胶纤维",,1,"2016-02-08",1,1,"2014-12-10 18:09:46","2016-05-03 09:15:20"
120510,"纳米",,1,"2016-03-15",1,1,"2014-12-10 18:09:46","2016-05-03 09:15:20"
120511,"纳米材料",,1,"2015-01-13",1,1,"2014-12-10 18:09:46","2016-05-03 09:15:20"
120514,"线材",,1,"2016-03-18",1,1,"2014-12-10 18:09:46","2016-05-03 09:15:20"
120516,"细胞治疗","利用某些具有特定功能的细胞的特性，采用生物工程方法获取和/或通过体外扩增、特殊培养等处理后，使这些细胞具有增强免疫、杀死病原体和肿瘤细胞、促进组织器官再生和机体康复等治疗功效，从而达到治疗疾病的目的。",2,"2015-03-25",1,1,"2014-12-10 18:09:46","2016-05-03 09:15:20"
120518,"维稳",,1,"2016-03-09",1,1,"2014-12-10 18:09:46","2016-05-03 09:15:20"
120519,"绿色建筑",,1,"2016-03-26",1,1,"2014-12-10 18:09:46","2016-05-03 09:15:20"
120524,"网络彩票",,2,"2015-03-25",1,1,"2014-12-10 18:09:46","2016-05-03 09:15:20"
120529,"美丽中国",,1,"2016-03-29",1,1,"2014-12-10 18:09:46","2016-05-03 09:15:20"
120533,"翡翠",,1,"2016-04-03",1,1,"2014-12-10 18:09:46","2016-05-03 09:15:20"
120534,"老字号",,2,"2015-03-25",1,1,"2014-12-10 18:09:46","2016-05-03 09:15:20"
120535,"老龄化",,1,"2016-03-07",1,1,"2014-12-10 18:09:46","2016-05-03 09:15:20"
120536,"耳机",,2,"2015-03-25",1,1,"2014-12-10 18:09:46","2016-05-03 09:15:20"
120537,"职业教育",,1,"2016-03-26",1,1,"2014-12-10 18:09:46","2016-05-03 09:15:20"
120538,"聚丙烯",,1,"2016-03-30",1,1,"2014-12-10 18:09:46","2016-05-03 09:15:20"
120541,"胰岛素",,1,"2016-03-15",1,1,"2014-12-10 18:09:46","2016-05-03 09:15:20"
120545,"腾讯证券",,1,"2016-02-17",1,1,"2014-12-10 18:09:46","2016-05-03 09:15:20"
120549,"舟山",,2,"2015-03-25",1,1,"2014-12-10 18:09:46","2016-05-03 09:15:20"
120552,"航空军工",,2,"2015-03-25",1,1,"2014-12-10 18:09:46","2016-05-03 09:15:20"
120556,"艾滋病",,1,"2015-01-13",1,1,"2014-12-10 18:09:46","2016-05-03 09:15:20"
120557,"节日",,2,"2015-03-25",1,1,"2014-12-10 18:09:46","2016-05-03 09:15:20"
120558,"节水",,2,"2015-03-25",1,1,"2014-12-10 18:09:46","2016-05-03 09:15:20"
120559,"节能减排",,1,"2016-03-02",1,1,"2014-12-10 18:09:46","2016-05-03 09:15:20"
120561,"苹果产业链",,1,"2016-02-22",1,1,"2014-12-10 18:09:46","2016-05-03 09:15:20"
120569,"菜鸟",,2,"2015-03-25",1,1,"2014-12-10 18:09:46","2016-05-03 09:15:20"
120572,"蓄电池",,1,"2016-02-20",1,1,"2014-12-10 18:09:46","2016-05-03 09:15:20"
120574,"虫草",,2,"2015-03-25",1,1,"2014-12-10 18:09:46","2016-05-03 09:15:20"
120577,"裸眼3D",,1,"2016-03-20",1,1,"2014-12-10 18:09:46","2016-05-03 09:15:20"
120581,"西部大开发",,1,"2015-01-13",1,1,"2014-12-10 18:09:46","2016-05-03 09:15:20"
120582,"西部开发",,1,"2016-03-25",1,1,"2014-12-10 18:09:46","2016-05-03 09:15:20"
120585,"触摸屏",,1,"2016-04-03",1,1,"2014-12-10 18:09:46","2016-05-03 09:15:20"
120589,"诺基亚",,1,"2016-02-13",1,1,"2014-12-10 18:09:46","2016-05-03 09:15:20"
120590,"诺奖",,2,"2015-03-25",1,1,"2014-12-10 18:09:46","2016-05-03 09:15:20"
120591,"谷歌",,2,"2015-03-25",1,1,"2014-12-10 18:09:46","2016-05-03 09:15:20"
120599,"赵丹阳",,2,"2015-03-25",1,1,"2014-12-10 18:09:46","2016-05-03 09:15:20"
120600,"超导",,1,"2016-03-29",1,1,"2014-12-10 18:09:46","2016-05-03 09:15:20"
120609,"转基因",,1,"2016-03-17",1,1,"2014-12-10 18:09:46","2016-05-03 09:15:20"
120612,"轻工制造","来自申万行业分类",5,"2011-05-28",1,1,"2014-12-10 18:09:46","2016-05-03 09:15:20"
120614,"远程医疗",,1,"2016-03-25",1,1,"2014-12-10 18:09:46","2016-05-03 09:15:20"
120622,"酒类",,1,"2015-01-13",1,1,"2014-12-10 18:09:46","2016-05-03 09:15:20"
120623,"重型机械","来自申万行业分类",5,"2011-05-28",1,1,"2014-12-10 18:09:46","2016-05-03 09:15:20"
120628,"重建",,2,"2015-03-25",1,1,"2014-12-10 18:09:46","2016-05-03 09:15:20"
120630,"金改",,1,"2016-03-27",1,1,"2014-12-10 18:09:46","2016-05-03 09:15:20"
120635,"钕铁硼","稀土永磁材料的最新成果，由于优异的磁性能而被称为“磁王”。高能量密度的特点使得仪器仪表、电声电机、磁选磁化等设备的小型化、轻量化、薄型化成为可能。",2,"2015-03-25",1,1,"2014-12-10 18:09:46","2016-05-03 09:15:20"
120640,"钱荒",,2,"2015-03-25",1,1,"2014-12-10 18:09:46","2016-05-03 09:15:20"
120641,"铁矿石期货",,1,"2016-02-20",1,1,"2014-12-10 18:09:46","2016-05-03 09:15:20"
120648,"铁路运输","来自申万行业分类",5,"2011-05-28",1,1,"2014-12-10 18:09:46","2016-05-03 09:15:20"
120651,"铜矿",,2,"2015-03-25",1,1,"2014-12-10 18:09:46","2016-05-03 09:15:20"
120652,"铝业",,2,"2015-03-25",1,1,"2014-12-10 18:09:46","2016-05-03 09:15:20"
120653,"铝塑膜",,2,"2015-03-25",1,1,"2014-12-10 18:09:46","2016-05-03 09:15:20"
120656,"银联",,1,"2016-03-12",1,1,"2014-12-10 18:09:46","2016-05-03 09:15:20"
120660,"锂矿",,1,"2016-03-26",1,1,"2014-12-10 18:09:46","2016-05-03 09:15:20"
120662,"锅炉",,1,"2016-03-22",1,1,"2014-12-10 18:09:46","2016-05-03 09:15:20"
120664,"锗",,2,"2015-03-25",1,1,"2014-12-10 18:09:46","2016-05-03 09:15:20"
120666,"锦纶",,1,"2016-03-09",1,1,"2014-12-10 18:09:46","2016-05-03 09:15:20"
120669,"长三角",,1,"2016-02-07",1,1,"2014-12-10 18:09:46","2016-05-03 09:15:20"
120670,"长假",,2,"2015-03-25",1,1,"2014-12-10 18:09:46","2016-05-03 09:15:20"
120685,"除尘",,1,"2016-04-03",1,1,"2014-12-10 18:09:46","2016-05-03 09:15:20"
120687,"雾霾",,2,"2015-03-25",1,1,"2014-12-10 18:09:46","2016-05-03 09:15:21"
120694,"预盈预增",,1,"2016-02-05",1,1,"2014-12-10 18:09:46","2016-05-03 09:15:21"
120697,"飞机租赁",,1,"2016-03-21",1,1,"2014-12-10 18:09:46","2016-05-03 09:15:21"
120699,"食安",,2,"2015-03-25",1,1,"2014-12-10 18:09:46","2016-05-03 09:15:21"
120700,"食盐",,1,"2016-03-23",1,1,"2014-12-10 18:09:46","2016-05-03 09:15:21"
120701,"饮用水安全","《全国城市饮用水安全保障规划(2006―2020)》提出，到2020年，国家将全面改善设市城市和县级城镇的饮用水安全状况，建立起比较完善的饮用水安全保障体系。",2,"2015-03-25",1,1,"2014-12-10 18:09:46","2016-05-03 09:15:21"
120710,"高分红",,2,"2015-03-25",1,1,"2014-12-10 18:09:46","2016-05-03 09:15:21"
120712,"高端医疗",,1,"2016-03-18",1,1,"2014-12-10 18:09:46","2016-05-03 09:15:21"
120720,"宁波",,1,"2015-03-25",1,1,"2014-12-10 18:09:46","2016-05-03 09:15:21"
120722,"食品包装",,1,"2016-04-03",1,1,"2014-12-10 18:09:46","2016-05-03 09:15:21"
120727,"手机芯片",,1,"2016-03-28",1,1,"2014-12-10 18:09:46","2016-05-03 09:15:21"
120732,"碳基金",,2,"2015-03-25",1,1,"2015-01-22 09:00:28","2016-05-03 09:15:21"
120762,"类金融",,2,"2015-03-25",1,1,"2015-02-03 09:00:09","2016-05-03 09:15:21"
120763,"足球产业",,2,"2015-03-25",1,1,"2015-02-03 09:00:09","2016-05-03 09:15:21"
120764,"定增重组",,2,"2015-03-25",1,1,"2015-02-03 09:00:09","2016-05-03 09:15:21"
120766,"农业产业化",,1,"2016-03-29",1,1,"2015-02-03 09:00:09","2016-05-03 09:15:21"
120767,"文具",,1,"2016-03-28",1,1,"2015-02-03 09:00:09","2016-05-03 09:15:21"
120795,"节能",,1,"2015-01-13",1,1,"2015-02-03 09:00:09","2016-05-03 09:15:21"
120797,"奶瓶",,1,"2016-03-27",1,1,"2015-02-03 09:00:09","2016-05-03 09:15:21"
120804,"超级汽车",,1,"2016-03-14",1,1,"2015-02-03 09:00:09","2016-05-03 09:15:21"
120819,"网贷",,2,"2015-03-25",1,1,"2015-02-03 09:00:09","2016-05-03 09:15:21"
120820,"亚马逊",,1,"2016-04-02",1,1,"2015-02-03 09:00:09","2016-05-03 09:15:21"
120821,"炭素",,1,"2016-04-03",1,1,"2015-02-03 09:00:09","2016-05-03 09:15:21"
120836,"旅游业",,2,"2015-03-25",1,1,"2015-02-03 09:00:09","2016-05-03 09:15:21"
120838,"银行安全",,2,"2015-03-25",1,1,"2015-02-02 09:00:10","2016-05-03 09:15:21"
120841,"参股期货",,1,"2016-02-17",1,1,"2015-02-11 09:00:14","2016-05-03 09:15:21"
120843,"创客",,1,"2016-03-21",1,1,"2015-02-11 09:00:14","2016-05-03 09:15:21"
120847,"高送转潜力",,2,"2015-03-25",1,1,"2015-02-11 09:00:14","2016-05-03 09:15:21"
120862,"生态环保",,2,"2015-03-25",1,1,"2015-02-11 09:00:14","2016-05-03 09:15:21"
120865,"首富",,2,"2015-03-25",1,1,"2015-02-11 09:00:14","2016-05-03 09:15:21"
120872,"地方国资改革",,2,"2015-03-25",1,1,"2015-02-11 09:00:14","2016-05-03 09:15:21"
120879,"环境安全",,2,"2015-03-25",1,1,"2015-02-11 09:00:14","2016-05-03 09:15:21"
120880,"消费品",,2,"2015-03-25",1,1,"2015-02-11 09:00:14","2016-05-03 09:15:21"
120886,"高成长",,2,"2015-03-25",1,1,"2015-02-11 09:00:14","2016-05-03 09:15:21"
120889,"高管增持",,2,"2015-03-25",1,1,"2015-02-11 09:00:14","2016-05-03 09:15:21"
120893,"注册制",,2,"2015-03-25",1,1,"2015-02-11 09:00:14","2016-05-03 09:15:21"
120936,"副中心",,2,"2015-03-25",1,1,"2015-02-11 09:00:14","2016-05-03 09:15:21"
120937,"原油期货",,2,"2015-03-25",1,1,"2015-02-11 09:00:14","2016-05-03 09:15:21"
120938,"双引擎",,2,"2015-03-25",1,1,"2015-02-11 09:00:14","2016-05-03 09:15:21"
120940,"婚庆",,2,"2015-03-25",1,1,"2015-02-11 09:00:14","2016-05-03 09:15:21"
120941,"婴儿",,2,"2015-03-25",1,1,"2015-02-11 09:00:14","2016-05-03 09:15:21"
120946,"智能硬件",,2,"2015-03-25",1,1,"2015-02-11 09:00:14","2016-05-03 09:15:21"
120947,"港股通",,2,"2015-03-25",1,1,"2015-02-11 09:00:14","2016-05-03 09:15:21"
120952,"激光器",,1,"2015-01-13",1,1,"2015-02-11 09:00:14","2016-05-03 09:15:21"
120962,"纯碱","来自申万行业分类",5,"2011-05-28",1,1,"2015-02-11 09:00:14","2016-05-03 09:15:21"
120966,"泛安全",,2,"2015-03-25",1,1,"2015-02-12 17:28:58","2016-05-03 09:15:21"
120971,"大北京",,2,"2015-03-25",1,1,"2015-02-12 17:29:15","2016-05-03 09:15:21"
120979,"中广核",,2,"2015-03-25",1,1,"2015-02-12 17:29:27","2016-05-03 09:15:21"
120983,"纺织制造","来自申万行业分类",5,"2011-05-28",1,1,"2015-02-13 09:00:14","2016-05-03 09:15:21"
121011,"精准医疗",,1,"2016-03-21",1,1,"2015-02-27 09:00:38","2016-05-03 09:15:21"
121015,"绿色经济",,1,"2016-03-24",1,1,"2015-02-28 09:00:09","2016-05-03 09:15:21"
121016,"沸石",,1,"2016-03-21",1,1,"2015-02-28 09:00:09","2016-05-03 09:15:21"
121024,"智能家电",,2,"2015-03-25",1,1,"2015-03-03 09:00:36","2016-05-03 09:15:21"
121027,"阅兵",,1,"2016-03-12",1,1,"2015-03-05 09:00:09","2016-05-03 09:15:21"
121031,"虚拟运营",,2,"2015-03-25",1,1,"2015-03-05 09:00:09","2016-05-03 09:15:21"
121036,"互联网+",,1,"2016-03-30",1,1,"2015-03-08 09:00:23","2016-05-03 09:15:21"
121041,"网络广告",,1,"2016-03-24",1,1,"2015-03-13 09:00:36","2016-05-03 09:15:22"
121045,"人脸识别技术",,2,"2015-03-25",1,1,"2015-03-17 09:00:24","2016-05-03 09:15:22"
121046,"全网通",,2,"2015-03-25",1,1,"2015-03-18 09:01:00","2016-05-03 09:15:22"
121047,"大环保",,2,"2015-03-25",1,1,"2015-03-18 09:01:11","2016-05-03 09:15:22"
121048,"丝路基金",,2,"2015-03-25",1,1,"2015-03-18 09:01:13","2016-05-03 09:15:22"
121049,"网络医院",,2,"2015-03-25",1,1,"2015-03-18 09:01:15","2016-05-03 09:15:22"
121050,"降息",,2,"2015-03-25",1,1,"2015-03-18 09:01:16","2016-05-03 09:15:22"
121051,"中国制造2025",,2,"2015-03-25",1,1,"2015-03-18 09:01:16","2016-05-03 09:15:22"
121055,"网络银行",,1,"2016-02-29",1,1,"2015-03-20 09:00:12","2016-05-03 09:15:22"
121060,"互联网教育",,2,"2015-03-25",1,1,"2015-03-26 09:00:13","2016-05-03 09:15:22"
121061,"电视",,2,"2015-03-25",1,1,"2015-03-26 09:00:13","2016-05-03 09:15:22"
121066,"隐身衣",,2,"2015-03-25",1,1,"2015-03-31 09:00:08","2016-05-03 09:15:22"
121071,"互联网家装",,1,"2016-03-15",1,1,"2015-04-10 09:00:06","2016-05-03 09:15:22"
121080,"业绩预降",,1,"2015-06-28",1,1,"2015-04-17 09:00:29","2016-05-03 09:15:22"
121082,"机构重仓",,1,"2016-02-13",1,1,"2015-04-18 09:00:39","2016-05-03 09:15:22"
121091,"通信服务",,2,"2015-03-25",1,1,"2015-04-23 09:00:49","2016-05-03 09:15:22"
121092,"员工持股计划",,2,"2015-03-25",1,1,"2015-04-23 09:00:49","2016-05-03 09:15:22"
121094,"汉能",,2,"2015-03-25",1,1,"2015-04-23 09:00:49","2016-05-03 09:15:22"
121096,"清明节",,2,"2015-03-25",1,1,"2015-04-23 09:00:50","2016-05-03 09:15:22"
121097,"互联网医疗",,1,"2016-03-23",1,1,"2015-04-23 09:00:50","2016-05-03 09:15:22"
121098,"泽熙",,2,"2015-03-25",1,1,"2015-04-23 09:00:50","2016-05-03 09:15:22"
121115,"券商系期货",,2,"2015-03-25",1,1,"2015-04-23 17:47:24","2016-05-03 09:15:22"
121135,"医药医疗",,2,"2015-03-25",1,1,"2015-04-23 17:47:32","2016-05-03 09:15:22"
121144,"文创",,2,"2015-03-25",1,1,"2015-04-23 17:47:42","2016-05-03 09:15:22"
121155,"低温",,2,"2015-03-25",1,1,"2015-04-23 17:47:52","2016-05-03 09:15:22"
121161,"金改试点",,2,"2015-03-25",1,1,"2015-04-23 17:48:01","2016-05-03 09:15:22"
121170,"4.5G网络",,2,"2015-03-25",1,1,"2015-04-23 17:48:07","2016-05-03 09:15:22"
121177,"物理银行",,2,"2015-03-25",1,1,"2015-04-23 17:48:08","2016-05-03 09:15:22"
121186,"中国装备",,2,"2015-03-25",1,1,"2015-04-23 17:48:09","2016-05-03 09:15:22"
121195,"化工品涨价",,2,"2015-03-25",1,1,"2015-04-23 17:48:10","2016-05-03 09:15:22"
121203,"癌症",,2,"2015-03-25",1,1,"2015-04-23 17:48:12","2016-05-03 09:15:22"
121205,"人民币贬值",,1,"2016-03-26",1,1,"2015-04-23 17:48:12","2016-05-03 09:15:22"
121207,"油价涨价",,2,"2015-03-25",1,1,"2015-04-23 17:48:12","2016-05-03 09:15:22"
121217,"空气环保",,2,"2015-03-25",1,1,"2015-04-23 17:48:12","2016-05-03 09:15:22"
121233,"基因医疗",,2,"2015-03-25",1,1,"2015-04-23 17:48:13","2016-05-03 09:15:22"
121235,"农田水利",,2,"2015-03-25",1,1,"2015-04-23 17:48:13","2016-05-03 09:15:22"
121239,"李┖",,2,"2015-03-25",1,1,"2015-04-23 17:48:13","2016-05-03 09:15:22"
121245,"钻石",,2,"2015-03-25",1,1,"2015-04-23 17:48:13","2016-05-03 09:15:22"
121252,"任正非",,2,"2015-03-25",1,1,"2015-04-23 17:48:14","2016-05-03 09:15:22"
121255,"电影",,2,"2015-03-25",1,1,"2015-04-23 17:48:14","2016-05-03 09:15:22"
121260,"装备制造业",,2,"2015-03-25",1,1,"2015-04-23 17:48:14","2016-05-03 09:15:22"
121265,"再保险",,2,"2015-03-25",1,1,"2015-04-23 17:48:14","2016-05-03 09:15:22"
121272,"无人汽车",,2,"2015-03-25",1,1,"2015-04-23 17:48:14","2016-05-03 09:15:22"
121281,"原油",,2,"2015-03-25",1,1,"2015-04-23 17:48:14","2016-05-03 09:15:22"
121284,"智能机械",,2,"2015-03-25",1,1,"2015-04-23 17:48:14","2016-05-03 09:15:22"
121289,"太阳能飞机",,2,"2015-03-25",1,1,"2015-04-23 17:48:15","2016-05-03 09:15:22"
121299,"计算机芯片",,2,"2015-03-25",1,1,"2015-04-23 17:48:15","2016-05-03 09:15:22"
121308,"中证500股指期货",,2,"2015-03-25",1,1,"2015-04-23 17:48:15","2016-05-03 09:15:22"
121311,"大健康",,2,"2015-03-25",1,1,"2015-04-23 17:48:15","2016-05-03 09:15:22"
121314,"大基建",,2,"2015-03-25",1,1,"2015-04-23 17:48:15","2016-05-03 09:15:22"
121320,"网络传媒",,2,"2015-03-25",1,1,"2015-04-23 17:48:15","2016-05-03 09:15:23"
121322,"能源互联网",,1,"2016-02-20",1,1,"2015-04-25 09:00:12","2016-05-03 09:15:23"
121330,"湘江新区",,2,"2015-03-30",1,1,"2015-04-29 09:00:23","2016-05-03 09:15:23"
121339,"资源回收",,2,"2015-03-31",1,1,"2015-04-30 09:00:19","2016-05-03 09:15:23"
121353,"网络服务","来自申万行业分类",5,"2011-05-28",1,1,"2015-05-07 17:46:09","2016-05-03 09:15:23"
121371,"大央企重组",,2,"2015-04-12",1,1,"2015-05-12 09:00:33","2016-05-03 09:15:23"
121375,"四川",,1,"2015-04-14",1,1,"2015-05-14 09:00:23","2016-05-03 09:15:23"
121377,"湖南",,1,"2015-04-14",1,1,"2015-05-14 09:00:23","2016-05-03 09:15:23"
121382,"深圳",,1,"2015-04-15",1,1,"2015-05-15 09:00:16","2016-05-03 09:15:23"
121386,"装备制造",,2,"2015-04-22",1,1,"2015-05-22 09:00:13","2016-05-03 09:15:23"
121387,"巴西",,2,"2015-04-22",1,1,"2015-05-22 09:00:13","2016-05-03 09:15:23"
121401,"互联网通信",,2,"2015-04-23",1,1,"2015-05-23 09:00:10","2016-05-03 09:15:23"
121402,"互联网农业",,2,"2015-04-23",1,1,"2015-05-23 09:00:10","2016-05-03 09:15:23"
121669,"网络安全大会",,2,"2015-04-30",1,1,"2015-05-30 09:01:54","2016-05-03 09:15:23"
121677,"虚拟现实",,1,"2016-04-01",1,1,"2015-06-02 09:01:48","2016-05-03 09:15:23"
121732,"中国智造",,2,"2015-05-27",1,1,"2015-06-26 09:00:03","2016-05-03 09:15:23"
121737,"VE",,2,"2015-05-28",1,1,"2015-06-27 09:00:03","2016-05-03 09:15:23"
121741,"绿色产业",,2,"2015-05-31",1,1,"2015-06-30 09:00:03","2016-05-03 09:15:23"
121747,"煤炭脱困",,2,"2015-06-07",1,1,"2015-07-07 09:00:27","2016-05-03 09:15:23"
121750,"基金掘金",,2,"2015-06-07",1,1,"2015-07-07 09:00:27","2016-05-03 09:15:23"
121754,"高送转双",,2,"2015-06-09",1,1,"2015-07-09 09:00:06","2016-05-03 09:15:23"
121757,"私有化",,2,"2015-06-10",1,1,"2015-07-10 09:00:02","2016-05-03 09:15:23"
121761,"智慧农业",,2,"2015-08-09",1,1,"2015-09-08 09:00:04","2016-05-03 09:15:23"
121771,"农机板块",,2,"2015-08-09",1,1,"2015-09-08 09:00:04","2016-05-03 09:15:23"
121778,"证金",,2,"2015-08-09",1,1,"2015-09-08 09:01:50","2016-05-03 09:15:23"
121780,"苹果汽车",,2,"2015-08-09",1,1,"2015-09-08 09:01:50","2016-05-03 09:15:23"
121786,"邮轮",,2,"2015-08-09",1,1,"2015-09-08 09:01:51","2016-05-03 09:15:23"
121793,"合作社",,2,"2015-08-09",1,1,"2015-09-08 09:01:51","2016-05-03 09:15:23"
121797,"金服",,2,"2015-08-09",1,1,"2015-09-08 09:01:51","2016-05-03 09:15:23"
121801,"地下管廊",,1,"2016-04-02",1,1,"2015-09-08 09:01:51","2016-05-03 09:15:23"
121808,"国家体育战略",,2,"2015-08-09",1,1,"2015-09-08 09:01:51","2016-05-03 09:15:23"
121819,"儿童",,2,"2015-08-09",1,1,"2015-09-08 09:01:52","2016-05-03 09:15:23"
121824,"航运板块",,2,"2015-08-09",1,1,"2015-09-08 09:01:52","2016-05-03 09:15:23"
121829,"国企改",,2,"2015-08-09",1,1,"2015-09-08 09:01:53","2016-05-03 09:15:23"
121834,"商业连锁",,2,"2015-08-09",1,1,"2015-09-08 09:01:53","2016-05-03 09:15:23"
121839,"智能停车",,2,"2015-08-09",1,1,"2015-09-08 09:01:53","2016-05-03 09:15:23"
121841,"贬值",,2,"2015-08-09",1,1,"2015-09-08 09:01:53","2016-05-03 09:15:23"
121847,"证金持股",,2,"2015-08-09",1,1,"2015-09-08 09:01:54","2016-05-03 09:15:23"
121863,"徐翔",,2,"2015-08-09",1,1,"2015-09-08 09:01:55","2016-05-03 09:15:23"
121865,"商业",,2,"2015-08-09",1,1,"2015-09-08 09:01:55","2016-05-03 09:15:23"
121867,"国家队",,2,"2015-08-09",1,1,"2015-09-08 09:01:55","2016-05-03 09:15:23"
121868,"汇金",,2,"2015-08-09",1,1,"2015-09-08 09:01:55","2016-05-03 09:15:23"
121874,"创业",,2,"2015-08-09",1,1,"2015-09-08 09:01:55","2016-05-03 09:15:23"
121880,"证金公司持股",,2,"2015-08-09",1,1,"2015-09-08 09:01:56","2016-05-03 09:15:23"
121889,"达沃斯",,2,"2015-08-09",1,1,"2015-09-08 09:01:56","2016-05-03 09:15:23"
121893,"破净",,2,"2015-08-09",1,1,"2015-09-08 09:01:57","2016-05-03 09:15:23"
121897,"分级诊疗",,2,"2015-08-09",1,1,"2015-09-08 09:01:57","2016-05-03 09:15:23"
121905,"油气产业链",,2,"2015-08-09",1,1,"2015-09-08 09:01:57","2016-05-03 09:15:24"
121908,"避险",,2,"2015-08-11",1,1,"2015-09-10 09:00:03","2016-05-03 09:15:24"
121916,"工程建设",,2,"2015-08-17",1,1,"2015-09-16 09:00:15","2016-05-03 09:15:24"
121918,"民生",,2,"2015-08-17",1,1,"2015-09-16 09:00:15","2016-05-03 09:15:24"
121928,"杭州",,2,"2015-08-27",1,1,"2015-09-26 09:00:55","2016-05-03 09:15:24"
121934,"主力增持",,2,"2015-08-27",1,1,"2015-09-26 09:00:56","2016-05-03 09:15:24"
121944,"石化行业十三五",,2,"2015-08-27",1,1,"2015-09-26 09:00:56","2016-05-03 09:15:24"
121946,"景点旅游",,2,"2015-08-27",1,1,"2015-09-26 09:00:56","2016-05-03 09:15:24"
121947,"中日韩自贸",,2,"2015-08-27",1,1,"2015-09-26 09:00:56","2016-05-03 09:15:24"
121961,"国企混改",,2,"2015-08-30",1,1,"2015-09-29 09:00:03","2016-05-03 09:15:24"
121964,"火星探测",,2,"2015-08-31",1,1,"2015-09-30 09:00:05","2016-05-03 09:15:24"
121968,"海绵城市",,1,"2016-03-31",1,1,"2015-10-09 09:00:04","2016-05-03 09:15:24"
121970,"军工航空",,2,"2015-09-09",1,1,"2015-10-09 09:00:04","2016-05-03 09:15:24"
121982,"屠呦呦",,2,"2015-09-14",1,1,"2015-10-14 09:01:46","2016-05-03 09:15:24"
121983,"哪些",,2,"2015-09-14",1,1,"2015-10-14 09:01:46","2016-05-03 09:15:24"
121988,"天然气价改",,2,"2015-09-14",1,1,"2015-10-14 09:01:46","2016-05-03 09:15:24"
121990,"上游",,2,"2015-09-15",1,1,"2015-10-15 09:00:03","2016-05-03 09:15:24"
122009,"智慧交通",,2,"2015-09-17",1,1,"2015-10-17 09:00:11","2016-05-03 09:15:24"
122012,"电动",,2,"2015-09-17",1,1,"2015-10-17 09:00:11","2016-05-03 09:15:24"
122018,"在线",,2,"2015-09-21",1,1,"2015-10-21 09:00:03","2016-05-03 09:15:24"
122020,"出台",,2,"2015-09-21",1,1,"2015-10-21 09:00:03","2016-05-03 09:15:24"
122022,"四维度掘金",,2,"2015-09-22",1,1,"2015-10-22 09:00:03","2016-05-03 09:15:24"
122025,"健康中国",,1,"2016-03-26",1,1,"2015-10-27 09:00:11","2016-05-03 09:15:24"
122026,"中字",,2,"2015-09-27",1,1,"2015-10-27 09:00:11","2016-05-03 09:15:24"
122033,"规划主题",,2,"2015-09-29",1,1,"2015-10-29 09:00:02","2016-05-03 09:15:24"
122034,"教育产业",,2,"2015-09-29",1,1,"2015-10-29 09:00:30","2016-05-03 09:15:24"
122036,"投资",,2,"2015-09-29",1,1,"2015-10-29 09:00:30","2016-05-03 09:15:24"
122039,"国开行",,2,"2015-09-30",1,1,"2015-10-30 09:00:11","2016-05-03 09:15:24"
122045,"国开基金",,2,"2015-09-30",1,1,"2015-10-30 09:00:12","2016-05-03 09:15:24"
122047,"深圳国改",,2,"2015-10-04",1,1,"2015-11-03 09:00:12","2016-05-03 09:15:24"
122049,"二胎政策",,2,"2015-10-04",1,1,"2015-11-03 09:00:12","2016-05-03 09:15:24"
122066,"规划",,2,"2015-10-06",1,1,"2015-11-05 09:00:03","2016-05-03 09:15:24"
122069,"核废料",,2,"2015-10-06",1,1,"2015-11-05 09:00:11","2016-05-03 09:15:24"
122070,"家装",,2,"2015-10-06",1,1,"2015-11-05 09:00:11","2016-05-03 09:15:24"
122078,"安全产业",,2,"2015-10-13",1,1,"2015-11-12 09:00:02","2016-05-03 09:15:24"
122086,"充电设备",,2,"2015-10-13",1,1,"2015-11-12 09:00:10","2016-05-03 09:15:24"
122095,"奇葩",,2,"2015-10-14",1,1,"2015-11-13 09:00:03","2016-05-03 09:15:24"
122103,"王思聪",,2,"2015-10-19",1,1,"2015-11-18 09:00:02","2016-05-03 09:15:24"
122115,"本地",,2,"2015-10-25",1,1,"2015-11-24 09:00:03","2016-05-03 09:15:24"
122117,"高送转填权",,2,"2015-10-25",1,1,"2015-11-24 09:00:11","2016-05-03 09:15:24"
122118,"创新层",,2,"2015-10-25",1,1,"2015-11-24 09:00:12","2016-05-03 09:15:24"
122122,"轻薄",,2,"2015-10-26",1,1,"2015-11-25 09:00:03","2016-05-03 09:15:24"
122127,"送转预期",,2,"2015-10-28",1,1,"2015-11-27 09:00:10","2016-05-03 09:15:24"
122138,"互联网体育",,2,"2015-11-02",1,1,"2015-12-02 09:00:02","2016-05-03 09:15:24"
122139,"扶贫",,2,"2015-11-02",1,1,"2015-12-02 09:01:49","2016-05-03 09:15:24"
122146,"核电军工",,2,"2015-11-04",1,1,"2015-12-04 09:01:17","2016-05-03 09:15:24"
122155,"PPP模式",,1,"2016-03-08",1,1,"2015-12-12 09:00:15","2016-05-03 09:15:24"
122163,"全球化",,2,"2015-11-15",1,1,"2015-12-15 09:02:34","2016-05-03 09:15:24"
122167,"张家口",,2,"2015-11-15",1,1,"2015-12-15 09:02:46","2016-05-03 09:15:24"
122175,"募资",,2,"2015-11-15",1,1,"2015-12-15 09:03:01","2016-05-03 09:15:24"
122179,"非银",,2,"2015-11-15",1,1,"2015-12-15 09:03:05","2016-05-03 09:15:24"
122182,"图书",,2,"2015-11-15",1,1,"2015-12-15 09:03:06","2016-05-03 09:15:24"
122189,"半日",,2,"2015-11-16",1,1,"2015-12-16 09:01:51","2016-05-03 09:15:24"
122199,"影视传媒",,2,"2015-11-16",1,1,"2015-12-16 09:02:39","2016-05-03 09:15:25"
122205,"火热",,2,"2015-11-17",1,1,"2015-12-17 09:01:44","2016-05-03 09:15:25"
122211,"农村电商",,1,"2016-03-24",1,1,"2015-12-18 09:02:59","2016-05-03 09:15:25"
122216,"两桶油",,2,"2015-11-22",1,1,"2015-12-22 09:02:15","2016-05-03 09:15:25"
122217,"量子",,2,"2015-11-22",1,1,"2015-12-22 09:02:17","2016-05-03 09:15:25"
122220,"母婴",,2,"2015-11-22",1,1,"2015-12-22 09:02:46","2016-05-03 09:15:25"
122223,"掘金农业",,2,"2015-11-22",1,1,"2015-12-22 09:02:54","2016-05-03 09:15:25"
122225,"沪深题材",,2,"2015-11-22",1,1,"2015-12-22 09:03:00","2016-05-03 09:15:25"
122236,"野蛮人",,2,"2015-11-24",1,1,"2015-12-24 09:02:32","2016-05-03 09:15:25"
122240,"中药材",,2,"2015-11-26",1,1,"2015-12-26 09:01:27","2016-05-03 09:15:25"
122242,"富勒烯",,1,"2016-03-22",1,1,"2015-12-27 09:00:49","2016-05-03 09:15:25"
122246,"唯一",,2,"2015-11-29",1,1,"2015-12-29 09:01:44","2016-05-03 09:15:25"
122250,"万科",,2,"2015-11-29",1,1,"2015-12-29 09:01:55","2016-05-03 09:15:25"
122251,"年底",,2,"2015-11-29",1,1,"2015-12-29 09:01:59","2016-05-03 09:15:25"
122255,"高估",,2,"2015-12-07",1,1,"2016-01-06 09:01:34","2016-05-03 09:15:25"
122264,"盛宴",,2,"2015-12-07",1,1,"2016-01-06 09:01:44","2016-05-03 09:15:25"
122267,"高估值",,2,"2015-12-07",1,1,"2016-01-06 09:01:50","2016-05-03 09:15:25"
122273,"新技术",,2,"2015-12-07",1,1,"2016-01-06 09:02:10","2016-05-03 09:15:25"
122274,"飘红",,2,"2015-12-07",1,1,"2016-01-06 09:02:13","2016-05-03 09:15:25"
122275,"火箭军",,1,"2016-02-23",1,1,"2016-01-08 09:03:28","2016-05-03 09:15:25"
122279,"出口行业",,2,"2015-12-13",1,1,"2016-01-12 09:02:43","2016-05-03 09:15:25"
122281,"迪斯尼主题",,2,"2015-12-13",1,1,"2016-01-12 09:02:45","2016-05-03 09:15:25"
122284,"供给侧改革",,2,"2015-12-13",1,1,"2016-01-12 09:02:53","2016-05-03 09:15:25"
122286,"汇率贬值",,2,"2015-12-13",1,1,"2016-01-12 09:02:54","2016-05-03 09:15:25"
122289,"产能",,2,"2015-12-13",1,1,"2016-01-12 09:03:01","2016-05-03 09:15:25"
122292,"生物传感器",,1,"2016-03-18",1,1,"2016-01-15 09:15:14","2016-05-03 09:15:25"
122293,"2025规划",,1,"2015-12-22",1,1,"2016-01-21 09:01:35","2016-05-03 09:15:25"
122297,"电竞",,1,"2016-03-26",1,1,"2016-03-14 13:36:54","2016-05-03 09:15:25"
122310,"基因编辑",,1,"2016-03-22",1,1,"2016-03-26 09:00:13","2016-05-03 09:15:25"
122316,"脂肪醇",,1,"2016-03-02",1,1,"2016-04-01 09:00:13","2016-05-03 09:15:25"
122320,"移动直播",,1,"2016-03-12",1,1,"2016-04-01 09:00:41","2016-05-03 09:15:25"
122322,"存储器",,1,"2016-03-22",1,1,"2016-04-04 09:00:17","2016-05-03 09:15:25"
122328,"信息技术",,1,"2016-03-30",1,1,"2016-04-09 09:00:21","2016-05-03 09:15:25"
122336,"VR直播",,1,"2016-03-11",1,1,"2016-04-10 09:00:21","2016-05-03 09:15:25"
122339,"资产管理",,1,"2016-03-12",1,1,"2016-04-11 09:00:15","2016-05-03 09:15:25"
122343,"土豆",,1,"2016-04-01",1,1,"2016-04-13 09:00:16","2016-05-03 09:15:25"
122344,"MDI",,1,"2016-03-31",1,1,"2016-04-13 09:00:21","2016-05-03 09:15:25"
122352,"防汛",,1,"2016-03-23",1,1,"2016-04-16 09:00:35","2016-05-03 09:15:25"
122354,"网红",,1,"2016-04-03",1,1,"2016-04-17 09:00:28","2016-05-03 09:15:25"
122355,"数字货币",,1,"2016-03-18",1,1,"2016-04-17 09:00:28","2016-05-03 09:15:25"
122361,"尿动力燃料电池",,1,"2016-03-26",1,1,"2016-04-25 09:00:11","2016-05-03 09:15:25"
122365,"360私有化",,1,"2016-04-03",1,1,"2016-04-28 09:00:17","2016-05-03 09:15:25"
122367,"食用菌",,1,"2016-03-31",1,1,"2016-04-30 09:00:10","2016-05-03 09:15:25"
